{
  "uuid": "84a18d47-0951-4c4b-9a4c-9127bcf0b2a6",
  "starterPrompted": true,
  "starterLocked": false,
  "starterSelected": true,
  "starterUUID": "b3b6b832-3229-44e3-9662-6abee8f11720",
  "keyItems": [],
  "battleTheme": "cobblemon:battle.pvp.default",
  "extraData": {},
  "advancementData": {
    "totalCaptureCount": 0,
    "totalEggsHatched": 0,
    "totalEvolvedCount": 0,
    "totalBattleVictoryCount": 8,
    "totalPvPBattleVictoryCount": 0,
    "totalPvWBattleVictoryCount": 8,
    "totalPvNBattleVictoryCount": 0,
    "totalShinyCaptureCount": 0,
    "totalTradedCount": 0,
    "totalTypeCaptureCounts": {},
    "totalDefeatedCounts": {
      "cobblemon:spearow": 3,
      "cobblemon:phanpy": 1,
      "cobblemon:nidoranm": 1,
      "cobblemon:patrat": 1,
      "cobblemon:poochyena": 1,
      "cobblemon:scatterbug": 1
    },
    "aspectsCollected": {}
  }
}