{"stats":{"minecraft:used":{"minecraft:stone_shovel":86,"minecraft:stone_pickaxe":51,"minecraft:gravel":7,"minecraft:dirt":12,"minecraft:cobblestone":35,"minecraft:crafting_table":1},"minecraft:picked_up":{"biomesoplenty:toadstool":24,"minecraft:stick":8,"biomesoplenty:orange_autumn_sapling":1,"minecraft:gravel":12,"minecraft:flint":2,"alexsmobs:animal_dictionary":2,"minecraft:dark_oak_log":7,"minecraft:dirt":76,"minecraft:dark_oak_planks":36,"minecraft:stone_shovel":2,"minecraft:wheat_seeds":3,"minecraft:stone_pickaxe":2,"minecraft:cobblestone":47},"minecraft:crafted":{"minecraft:stone_shovel":1,"minecraft:crafting_table":1,"minecraft:stick":12,"minecraft:stone_pickaxe":1,"minecraft:dark_oak_planks":28},"minecraft:killed":{"minecraft:skeleton":1},"minecraft:mined":{"biomesoplenty:orange_autumn_leaves":1,"biomesoplenty:toadstool":8,"minecraft:dark_oak_log":11,"minecraft:grass":15,"minecraft:grass_block":53,"minecraft:gravel":14,"minecraft:dirt":18,"minecraft:stone":42},"minecraft:killed_by":{"minecraft:skeleton":1},"minecraft:custom":{"minecraft:time_since_rest":25549,"minecraft:sprint_one_cm":14840,"minecraft:damage_taken":545,"minecraft:walk_one_cm":83436,"minecraft:mob_kills":1,"minecraft:damage_dealt":390,"minecraft:swim_one_cm":1202,"minecraft:interact_with_crafting_table":3,"minecraft:fly_one_cm":181570,"minecraft:player_kills":1,"minecraft:crouch_one_cm":4603,"minecraft:play_time":48977,"minecraft:deaths":2,"minecraft:sneak_time":1095,"minecraft:walk_under_water_one_cm":9334,"minecraft:jump":168,"minecraft:leave_game":4,"minecraft:walk_on_water_one_cm":4398,"minecraft:time_since_death":25474,"minecraft:total_world_time":48977,"minecraft:fall_one_cm":4863}},"DataVersion":3465}