{"stats":{"minecraft:killed":{"minecraft:zombie":5},"minecraft:mined":{"minecraft:tuff":4,"minecraft:andesite":2,"cobblemon:apricorn_log":5,"cobblemon:persim_berry":5,"minecraft:clay":55,"minecraft:crafting_table":1,"cobblemon:apricorn_leaves":29,"minecraft:grass":13,"minecraft:oak_log":33,"minecraft:coal_ore":2,"minecraft:gravel":7,"minecraft:dirt":1,"cobblemon:white_apricorn":3,"minecraft:tall_grass":3,"minecraft:deepslate_coal_ore":17,"minecraft:stone":78,"minecraft:oak_leaves":49},"minecraft:crafted":{"minecraft:oak_planks":8,"minecraft:stone_shovel":1,"minecraft:crafting_table":1,"minecraft:stick":48,"minecraft:cooked_chicken":3,"minecraft:stone_pickaxe":5,"minecraft:stone_sword":1,"cobblemon:apricorn_planks":20,"minecraft:stone_axe":1},"minecraft:used":{"minecraft:stone_sword":26,"minecraft:spruce_door":3,"minecraft:stone_shovel":20,"minecraft:stone_pickaxe":147,"mcwdoors:dark_oak_barn_door":1,"minecraft:cooked_chicken":2,"minecraft:stone_axe":118,"minecraft:crafting_table":2,"minecraft:andesite":4},"minecraft:broken":{"minecraft:stone_pickaxe":1},"minecraft:custom":{"minecraft:time_since_rest":71504,"minecraft:damage_taken":190,"minecraft:sprint_one_cm":15696,"minecraft:interact_with_furnace":4,"minecraft:walk_one_cm":107886,"minecraft:mob_kills":5,"minecraft:damage_dealt":995,"minecraft:interact_with_crafting_table":7,"minecraft:fly_one_cm":24389,"minecraft:open_chest":2,"minecraft:play_time":87149,"minecraft:crouch_one_cm":50,"minecraft:deaths":1,"minecraft:sneak_time":5,"minecraft:jump":271,"minecraft:leave_game":1,"minecraft:time_since_death":71474,"minecraft:total_world_time":87149,"minecraft:fall_one_cm":5864},"minecraft:picked_up":{"minecraft:crafting_table":1,"cobblemon:apricorn_log":5,"minecraft:feather":1,"minecraft:chicken":3,"minecraft:clay_ball":220,"minecraft:andesite":13,"minecraft:gravel":6,"minecraft:flint":1,"minecraft:tuff":4,"minecraft:oak_log":31,"cobblemon:persim_berry":28,"minecraft:dirt":1,"cobblemon:white_apricorn":6,"minecraft:rotten_flesh":7,"lootbundles:fragment":2,"minecraft:wheat_seeds":2,"cobblemon:white_apricorn_seed":1,"minecraft:iron_pickaxe":1,"minecraft:oak_sapling":2,"minecraft:iron_sword":1,"minecraft:coal":19,"minecraft:cobblestone":95}},"DataVersion":3465}