{"stats":{"minecraft:killed":{"minecraft:spider":1,"minecraft:sheep":4,"minecraft:zombie":10,"minecraft:drowned":1,"minecraft:tropical_fish":1,"minecraft:cow":4},"minecraft:mined":{"minecraft:podzol":1,"minecraft:tuff":4,"cobblemon:revival_herb":1,"cobblemon:apricorn_log":5,"cobblemon:apricorn_leaves":29,"minecraft:clay":69,"minecraft:crafting_table":1,"minecraft:grass_block":1,"minecraft:melon":5,"minecraft:stone_slab":1,"minecraft:copper_ore":51,"cobblemon:pinap_berry":5,"minecraft:tall_grass":4,"minecraft:cobblestone":5,"minecraft:deepslate_coal_ore":17,"minecraft:lapis_ore":4,"minecraft:moss_block":17,"cobblemon:oran_berry":4,"minecraft:deepslate_copper_ore":5,"minecraft:iron_ore":14,"minecraft:torchflower":1,"minecraft:andesite":2,"minecraft:moss_carpet":1,"cobblemon:persim_berry":5,"minecraft:grass":19,"minecraft:deepslate_iron_ore":4,"minecraft:coal_ore":161,"minecraft:oak_log":33,"minecraft:cave_vines":2,"minecraft:cocoa":1,"cobblemon:thunder_stone_ore":1,"minecraft:gravel":8,"minecraft:dirt":4,"cobblemon:white_apricorn":3,"cobblemon:sun_stone_ore":1,"minecraft:stone":261,"minecraft:deepslate":31,"cobblemon:water_stone_ore":1,"minecraft:oak_leaves":53,"minecraft:fern":1},"minecraft:crafted":{"minecraft:cooked_beef":10,"minecraft:oak_planks":72,"minecraft:stone_shovel":1,"minecraft:crafting_table":3,"minecraft:cooked_chicken":3,"cobblemon:apricorn_planks":20,"minecraft:furnace":2,"minecraft:copper_ingot":25,"minecraft:stone_axe":1,"minecraft:cooked_mutton":4,"minecraft:air":0,"minecraft:stick":48,"minecraft:stone_pickaxe":7,"minecraft:stone_sword":1},"minecraft:dropped":{"minecraft:wheat_seeds":2,"minecraft:coarse_dirt":2,"minecraft:tuff":4,"minecraft:cobblestone":3,"minecraft:rotten_flesh":8,"minecraft:light_gray_wool":1,"cobblemon:deepslate_moon_stone_ore":3,"minecraft:flint":1,"minecraft:dirt":31,"minecraft:spider_eye":1},"minecraft:used":{"minecraft:cooked_mutton":4,"minecraft:stone_sword":88,"minecraft:spruce_door":3,"minecraft:stone_shovel":49,"minecraft:stone_pickaxe":641,"minecraft:cooked_chicken":3,"minecraft:crafting_table":4,"lootbundles:loot_bundle":1,"cobblemon:deepslate_moon_stone_ore":3,"mcwdoors:dark_oak_barn_door":1,"minecraft:stone_axe":118,"minecraft:cobblestone":84,"minecraft:furnace":2,"minecraft:andesite":4},"minecraft:broken":{"minecraft:stone_pickaxe":4},"minecraft:custom":{"minecraft:interact_with_furnace":18,"minecraft:mob_kills":21,"minecraft:interact_with_crafting_table":11,"minecraft:leave_game":1,"minecraft:time_since_death":131474,"minecraft:climb_one_cm":951,"minecraft:time_since_rest":131504,"minecraft:sprint_one_cm":30470,"minecraft:damage_taken":430,"minecraft:walk_one_cm":279326,"minecraft:drop":11,"minecraft:damage_dealt":3265,"minecraft:fly_one_cm":36582,"minecraft:open_chest":2,"minecraft:crouch_one_cm":50,"minecraft:play_time":147149,"minecraft:deaths":1,"minecraft:sneak_time":39,"minecraft:walk_under_water_one_cm":2386,"minecraft:jump":711,"minecraft:walk_on_water_one_cm":8783,"minecraft:total_world_time":147149,"minecraft:fall_one_cm":11123},"minecraft:picked_up":{"minecraft:cocoa_beans":5,"minecraft:crafting_table":1,"minecraft:coarse_dirt":4,"minecraft:feather":1,"minecraft:chicken":3,"minecraft:clay_ball":228,"lootbundles:loot_bundle":1,"minecraft:andesite":13,"minecraft:leather":3,"cobblemon:pinap_berry":25,"minecraft:torchflower":1,"minecraft:flint":2,"minecraft:tuff":4,"minecraft:oak_log":31,"minecraft:lapis_lazuli":21,"minecraft:string":2,"minecraft:dirt":31,"cobblemon:deepslate_moon_stone_ore":3,"minecraft:moss_carpet":3,"minecraft:raw_copper":196,"cobblemon:revival_herb":4,"cobblemon:white_apricorn":6,"lootbundles:fragment":14,"minecraft:wheat_seeds":4,"minecraft:cobbled_deepslate":5,"cobblemon:white_apricorn_seed":1,"minecraft:beef":10,"cobblemon:oran_berry":19,"cobblemon:thunder_stone":1,"minecraft:moss_block":17,"minecraft:iron_pickaxe":1,"minecraft:light_gray_wool":1,"cobblemon:pep_up_flower":2,"minecraft:melon_slice":27,"minecraft:iron_sword":1,"cobblemon:sun_stone":1,"minecraft:raw_iron":18,"cobblemon:apricorn_log":5,"minecraft:gravel":6,"cobblemon:premier_ball":3,"cobblemon:persim_berry":28,"minecraft:spider_eye":1,"minecraft:rotten_flesh":19,"cobblemon:water_stone":1,"minecraft:oak_sapling":2,"minecraft:glow_berries":2,"minecraft:mutton":4,"minecraft:coal":178,"minecraft:white_wool":3,"minecraft:cobblestone":218}},"DataVersion":3465}