{"stats":{"minecraft:killed":{"minecraft:sheep":2,"minecraft:zombie":7,"minecraft:drowned":1},"minecraft:mined":{"minecraft:tuff":4,"minecraft:andesite":2,"cobblemon:apricorn_log":5,"cobblemon:persim_berry":5,"minecraft:clay":55,"minecraft:crafting_table":1,"cobblemon:apricorn_leaves":29,"minecraft:grass":13,"minecraft:oak_log":33,"minecraft:coal_ore":2,"minecraft:gravel":7,"minecraft:dirt":1,"cobblemon:white_apricorn":3,"minecraft:tall_grass":3,"minecraft:deepslate_coal_ore":17,"minecraft:stone":78,"minecraft:oak_leaves":49,"minecraft:deepslate_copper_ore":5},"minecraft:crafted":{"minecraft:oak_planks":8,"minecraft:stone_shovel":1,"minecraft:crafting_table":1,"minecraft:stick":48,"minecraft:cooked_chicken":3,"minecraft:stone_pickaxe":5,"minecraft:stone_sword":1,"cobblemon:apricorn_planks":20,"minecraft:stone_axe":1},"minecraft:dropped":{"cobblemon:deepslate_moon_stone_ore":3},"minecraft:used":{"minecraft:stone_sword":44,"minecraft:spruce_door":3,"minecraft:stone_shovel":20,"minecraft:stone_pickaxe":153,"mcwdoors:dark_oak_barn_door":1,"minecraft:cooked_chicken":3,"minecraft:stone_axe":118,"lootbundles:loot_bundle":1,"minecraft:crafting_table":2,"cobblemon:deepslate_moon_stone_ore":1,"minecraft:andesite":4},"minecraft:broken":{"minecraft:stone_pickaxe":1},"minecraft:custom":{"minecraft:time_since_rest":83504,"minecraft:damage_taken":255,"minecraft:sprint_one_cm":17273,"minecraft:interact_with_furnace":4,"minecraft:walk_one_cm":143645,"minecraft:mob_kills":10,"minecraft:drop":1,"minecraft:damage_dealt":1738,"minecraft:interact_with_crafting_table":7,"minecraft:fly_one_cm":28119,"minecraft:open_chest":2,"minecraft:play_time":99149,"minecraft:crouch_one_cm":50,"minecraft:deaths":1,"minecraft:sneak_time":39,"minecraft:walk_under_water_one_cm":2139,"minecraft:jump":319,"minecraft:leave_game":1,"minecraft:walk_on_water_one_cm":2301,"minecraft:time_since_death":83474,"minecraft:total_world_time":99149,"minecraft:fall_one_cm":6760},"minecraft:picked_up":{"minecraft:coarse_dirt":2,"minecraft:crafting_table":1,"cobblemon:apricorn_log":5,"minecraft:feather":1,"minecraft:chicken":3,"lootbundles:loot_bundle":1,"minecraft:clay_ball":220,"minecraft:andesite":13,"minecraft:gravel":6,"cobblemon:premier_ball":3,"minecraft:flint":1,"minecraft:tuff":4,"minecraft:oak_log":31,"cobblemon:persim_berry":28,"cobblemon:deepslate_moon_stone_ore":3,"minecraft:dirt":8,"minecraft:raw_copper":20,"cobblemon:white_apricorn":6,"minecraft:rotten_flesh":11,"lootbundles:fragment":2,"minecraft:wheat_seeds":2,"cobblemon:white_apricorn_seed":1,"minecraft:iron_pickaxe":1,"minecraft:light_gray_wool":1,"minecraft:oak_sapling":2,"minecraft:mutton":2,"minecraft:iron_sword":1,"minecraft:coal":19,"minecraft:white_wool":1,"minecraft:cobblestone":95}},"DataVersion":3465}