{"stats":{"minecraft:dropped":{"mowziesmobs:frostmaw_spawn_egg":2,"mowziesmobs:naga_spawn_egg":1,"mowziesmobs:lantern_spawn_egg":3},"minecraft:picked_up":{"mowziesmobs:lantern_spawn_egg":3,"mowziesmobs:frostmaw_spawn_egg":2,"mowziesmobs:naga_spawn_egg":1},"minecraft:used":{"mowziesmobs:lantern_spawn_egg":1},"minecraft:custom":{"minecraft:jump":43,"minecraft:time_since_rest":8788,"minecraft:walk_one_cm":5453,"minecraft:leave_game":2,"minecraft:play_time":8788,"minecraft:sprint_one_cm":6355,"minecraft:time_since_death":8788,"minecraft:total_world_time":8788,"minecraft:drop":6,"minecraft:fly_one_cm":61787}},"DataVersion":3465}