{"stats":{"minecraft:picked_up":{"minecraft:crafting_table":1,"cobblemon:apricorn_log":5,"minecraft:feather":1,"minecraft:chicken":3,"minecraft:andesite":13,"minecraft:tuff":2,"minecraft:oak_log":31,"cobblemon:persim_berry":28,"cobblemon:white_apricorn":6,"minecraft:rotten_flesh":4,"lootbundles:fragment":1,"minecraft:wheat_seeds":2,"cobblemon:white_apricorn_seed":1,"minecraft:iron_pickaxe":1,"minecraft:oak_sapling":2,"minecraft:iron_sword":1,"minecraft:coal":15,"minecraft:cobblestone":36},"minecraft:used":{"minecraft:stone_sword":11,"minecraft:spruce_door":3,"minecraft:stone_pickaxe":38,"mcwdoors:dark_oak_barn_door":1,"minecraft:stone_axe":118,"minecraft:crafting_table":1,"minecraft:andesite":4},"minecraft:killed":{"minecraft:zombie":2},"minecraft:mined":{"minecraft:tuff":2,"minecraft:andesite":2,"cobblemon:apricorn_log":5,"cobblemon:persim_berry":5,"minecraft:crafting_table":1,"cobblemon:apricorn_leaves":29,"minecraft:grass":13,"minecraft:oak_log":33,"cobblemon:white_apricorn":3,"minecraft:tall_grass":3,"minecraft:deepslate_coal_ore":15,"minecraft:stone":18,"minecraft:oak_leaves":49},"minecraft:crafted":{"minecraft:oak_planks":8,"minecraft:stone_shovel":1,"minecraft:crafting_table":1,"minecraft:stick":8,"minecraft:stone_pickaxe":1,"minecraft:stone_sword":1,"minecraft:stone_axe":1},"minecraft:custom":{"minecraft:time_since_rest":32893,"minecraft:interact_with_furnace":1,"minecraft:sprint_one_cm":11712,"minecraft:damage_taken":85,"minecraft:walk_one_cm":83127,"minecraft:mob_kills":2,"minecraft:damage_dealt":398,"minecraft:interact_with_crafting_table":6,"minecraft:fly_one_cm":20867,"minecraft:crouch_one_cm":50,"minecraft:play_time":48538,"minecraft:deaths":1,"minecraft:sneak_time":5,"minecraft:jump":198,"minecraft:leave_game":1,"minecraft:time_since_death":32863,"minecraft:total_world_time":48538,"minecraft:fall_one_cm":4215}},"DataVersion":3465}