{"stats":{"minecraft:picked_up":{"minecraft:feather":1,"minecraft:oak_log":1,"minecraft:chicken":1,"minecraft:wheat_seeds":2},"minecraft:used":{"minecraft:spruce_door":3,"mcwdoors:dark_oak_barn_door":1},"minecraft:mined":{"minecraft:tall_grass":2,"minecraft:grass":9,"minecraft:oak_log":1},"minecraft:custom":{"minecraft:jump":57,"minecraft:time_since_rest":8893,"minecraft:sprint_one_cm":4200,"minecraft:leave_game":1,"minecraft:play_time":24538,"minecraft:deaths":1,"minecraft:time_since_death":8863,"minecraft:walk_one_cm":23219,"minecraft:total_world_time":24538,"minecraft:fall_one_cm":1254,"minecraft:fly_one_cm":6806}},"DataVersion":3465}