{"stats":{"minecraft:killed":{"minecraft:pig":1,"minecraft:spider":1,"minecraft:skeleton":2,"minecraft:sheep":4,"minecraft:zombie":12,"minecraft:drowned":3,"minecraft:tropical_fish":1,"minecraft:cow":4},"minecraft:mined":{"minecraft:podzol":1,"minecraft:tuff":4,"cobblemon:revival_herb":1,"minecraft:calcite":1,"cobblemon:nanab_berry":3,"cobblemon:apricorn_log":5,"cobblemon:blue_mint":3,"cobblemon:apricorn_leaves":29,"minecraft:clay":69,"minecraft:crafting_table":1,"minecraft:grass_block":2,"minecraft:melon":10,"minecraft:stone_slab":1,"minecraft:copper_ore":51,"cobblemon:pinap_berry":5,"minecraft:tall_grass":4,"minecraft:cobblestone":5,"minecraft:deepslate_coal_ore":17,"minecraft:lapis_ore":4,"minecraft:moss_block":17,"cobblemon:oran_berry":4,"minecraft:deepslate_copper_ore":5,"minecraft:furnace":1,"minecraft:iron_ore":14,"minecraft:torchflower":1,"minecraft:andesite":2,"minecraft:moss_carpet":1,"cobblemon:persim_berry":5,"minecraft:vine":3,"minecraft:grass":21,"minecraft:deepslate_iron_ore":4,"minecraft:coal_ore":215,"minecraft:oak_log":33,"minecraft:cave_vines":2,"minecraft:cocoa":1,"cobblemon:thunder_stone_ore":3,"minecraft:gravel":8,"minecraft:dirt":6,"cobblemon:white_apricorn":3,"cobblemon:sun_stone_ore":1,"minecraft:stone":350,"minecraft:deepslate":31,"cobblemon:water_stone_ore":1,"minecraft:oak_leaves":60,"minecraft:fern":1},"minecraft:crafted":{"minecraft:cooked_beef":10,"minecraft:coal_block":21,"lootbundles:loot_bundle":1,"minecraft:oak_planks":72,"minecraft:stone_shovel":2,"minecraft:crafting_table":5,"minecraft:cooked_chicken":3,"cobblemon:apricorn_planks":20,"minecraft:furnace":6,"minecraft:copper_ingot":87,"minecraft:stone_axe":1,"minecraft:cooked_mutton":4,"minecraft:air":0,"minecraft:stick":48,"minecraft:iron_ingot":18,"minecraft:chest":2,"minecraft:stone_pickaxe":8,"minecraft:stone_sword":2},"minecraft:dropped":{"minecraft:moss_block":17,"minecraft:wheat_seeds":2,"minecraft:coarse_dirt":2,"minecraft:tuff":4,"minecraft:stone_shovel":1,"minecraft:cobblestone":49,"minecraft:rotten_flesh":9,"minecraft:light_gray_wool":1,"cobblemon:deepslate_moon_stone_ore":3,"minecraft:oak_planks":52,"minecraft:flint":1,"minecraft:dirt":34,"minecraft:grass":4,"minecraft:spider_eye":1,"minecraft:red_nether_bricks":2,"mcwwindows:birch_louvered_shutter":1,"minecraft:danger_pottery_sherd":4},"minecraft:used":{"minecraft:cooked_mutton":4,"minecraft:stone_sword":97,"minecraft:spruce_door":3,"minecraft:stone_shovel":49,"minecraft:stone_pickaxe":857,"minecraft:chest":2,"minecraft:cooked_chicken":3,"minecraft:crafting_table":6,"lootbundles:loot_bundle":2,"cobblemon:deepslate_moon_stone_ore":3,"mcwdoors:dark_oak_barn_door":1,"minecraft:stone_axe":118,"minecraft:cobblestone":166,"minecraft:furnace":7,"minecraft:andesite":4,"minecraft:cooked_beef":10},"minecraft:broken":{"minecraft:stone_pickaxe":6},"minecraft:custom":{"minecraft:interact_with_furnace":34,"minecraft:mob_kills":28,"minecraft:interact_with_crafting_table":24,"minecraft:leave_game":1,"minecraft:time_since_death":167474,"minecraft:climb_one_cm":2619,"minecraft:time_since_rest":167504,"minecraft:sprint_one_cm":38428,"minecraft:damage_taken":1425,"minecraft:walk_one_cm":389277,"minecraft:drop":21,"minecraft:damage_dealt":4551,"minecraft:swim_one_cm":25470,"minecraft:fly_one_cm":46735,"minecraft:open_chest":10,"minecraft:crouch_one_cm":115,"minecraft:play_time":183149,"minecraft:deaths":1,"minecraft:sneak_time":207,"minecraft:walk_under_water_one_cm":21339,"minecraft:jump":1118,"minecraft:walk_on_water_one_cm":34652,"minecraft:total_world_time":183149,"minecraft:fall_one_cm":22157},"minecraft:picked_up":{"minecraft:cocoa_beans":15,"minecraft:crafting_table":1,"minecraft:coarse_dirt":4,"cobblemon:blue_mint_leaf":8,"minecraft:feather":1,"minecraft:chicken":3,"minecraft:clay_ball":228,"lootbundles:loot_bundle":1,"minecraft:andesite":13,"minecraft:leather":3,"cobblemon:pinap_berry":25,"minecraft:torchflower":1,"minecraft:flint":2,"minecraft:tuff":4,"minecraft:oak_log":31,"minecraft:danger_pottery_sherd":4,"minecraft:red_nether_bricks":2,"minecraft:lapis_lazuli":21,"minecraft:string":2,"minecraft:dirt":34,"cobblemon:deepslate_moon_stone_ore":3,"minecraft:moss_carpet":3,"minecraft:raw_copper":196,"cobblemon:revival_herb":4,"cobblemon:white_apricorn":6,"lootbundles:fragment":16,"minecraft:wheat_seeds":4,"minecraft:cobbled_deepslate":5,"cobblemon:white_apricorn_seed":1,"minecraft:beef":10,"cobblemon:oran_berry":19,"cobblemon:thunder_stone":3,"minecraft:moss_block":17,"minecraft:iron_pickaxe":1,"minecraft:light_gray_wool":1,"cobblemon:pep_up_flower":2,"minecraft:melon_slice":52,"minecraft:oak_planks":152,"minecraft:iron_sword":1,"minecraft:furnace":1,"cobblemon:sun_stone":1,"minecraft:stick":2,"minecraft:raw_iron":18,"cobblemon:apricorn_log":5,"minecraft:gravel":6,"cobblemon:premier_ball":4,"minecraft:porkchop":3,"cobblemon:nanab_berry":14,"cobblemon:persim_berry":28,"cobblemon:aspear_berry":15,"minecraft:spider_eye":1,"minecraft:arrow":3,"cobblemon:blue_mint_seeds":3,"minecraft:rotten_flesh":22,"mcwwindows:birch_louvered_shutter":1,"minecraft:grass":4,"cobblemon:water_stone":1,"minecraft:oak_sapling":2,"minecraft:glow_berries":2,"minecraft:mutton":4,"minecraft:coal":237,"minecraft:white_wool":3,"minecraft:cobblestone":344}},"DataVersion":3465}