{"stats":{"minecraft:picked_up":{"minecraft:feather":1,"minecraft:chicken":3,"minecraft:andesite":13,"minecraft:tuff":1,"minecraft:oak_log":30,"cobblemon:persim_berry":28,"minecraft:rotten_flesh":4,"lootbundles:fragment":1,"minecraft:wheat_seeds":2,"minecraft:iron_pickaxe":1,"minecraft:oak_sapling":2,"minecraft:iron_sword":1,"minecraft:coal":10,"minecraft:cobblestone":32},"minecraft:used":{"minecraft:stone_sword":11,"minecraft:spruce_door":3,"minecraft:stone_pickaxe":27,"mcwdoors:dark_oak_barn_door":1,"minecraft:stone_axe":67,"minecraft:crafting_table":1,"minecraft:andesite":4},"minecraft:killed":{"minecraft:zombie":2},"minecraft:mined":{"minecraft:tuff":1,"minecraft:andesite":2,"cobblemon:persim_berry":5,"minecraft:grass":12,"minecraft:oak_log":32,"minecraft:tall_grass":3,"minecraft:deepslate_coal_ore":10,"minecraft:stone":14,"minecraft:oak_leaves":37},"minecraft:crafted":{"minecraft:oak_planks":8,"minecraft:stone_shovel":1,"minecraft:crafting_table":1,"minecraft:stick":8,"minecraft:stone_pickaxe":1,"minecraft:stone_sword":1,"minecraft:stone_axe":1},"minecraft:custom":{"minecraft:time_since_rest":20893,"minecraft:interact_with_furnace":1,"minecraft:sprint_one_cm":9580,"minecraft:damage_taken":85,"minecraft:walk_one_cm":61749,"minecraft:mob_kills":2,"minecraft:damage_dealt":398,"minecraft:interact_with_crafting_table":6,"minecraft:fly_one_cm":17507,"minecraft:crouch_one_cm":50,"minecraft:play_time":36538,"minecraft:deaths":1,"minecraft:sneak_time":5,"minecraft:jump":173,"minecraft:leave_game":1,"minecraft:time_since_death":20863,"minecraft:total_world_time":36538,"minecraft:fall_one_cm":3797}},"DataVersion":3465}