{"stats":{"minecraft:killed":{"minecraft:spider":1,"minecraft:skeleton":3,"minecraft:drowned":4,"minecraft:tropical_fish":1,"minecraft:pig":1,"cobblemon:pokemon":1,"minecraft:sheep":4,"minecraft:zombie":16,"minecraft:cow":4},"minecraft:mined":{"minecraft:tuff":4,"minecraft:jungle_leaves":4,"cobblemon:apricorn_log":5,"cobblemon:nanab_berry":3,"minecraft:grass_block":2,"minecraft:moss_block":17,"minecraft:magma_block":30,"minecraft:furnace":1,"minecraft:iron_ore":14,"minecraft:fire":19,"minecraft:andesite":2,"minecraft:moss_carpet":1,"minecraft:gold_block":3,"minecraft:cave_vines":2,"minecraft:deepslate_iron_ore":4,"minecraft:vine":3,"cobblemon:white_apricorn":3,"minecraft:stone":355,"cobblemon:water_stone_ore":1,"minecraft:podzol":1,"cobblemon:revival_herb":1,"minecraft:crafting_table":1,"minecraft:clay":69,"cobblemon:blue_mint":3,"cobblemon:apricorn_leaves":29,"minecraft:calcite":1,"minecraft:melon":10,"minecraft:stone_slab":1,"minecraft:tall_grass":4,"cobblemon:pinap_berry":5,"minecraft:copper_ore":51,"minecraft:cobblestone":11,"minecraft:deepslate_coal_ore":17,"minecraft:lapis_ore":4,"cobblemon:oran_berry":4,"minecraft:deepslate_copper_ore":5,"minecraft:torchflower":1,"minecraft:stone_brick_stairs":1,"cobblemon:persim_berry":5,"minecraft:grass":21,"minecraft:oak_log":33,"minecraft:coal_ore":231,"minecraft:cocoa":1,"cobblemon:thunder_stone_ore":3,"minecraft:gravel":8,"minecraft:dirt":6,"cobblemon:sun_stone_ore":1,"minecraft:netherrack":111,"minecraft:oak_leaves":60,"minecraft:deepslate":31,"minecraft:fern":1},"minecraft:crafted":{"lootbundles:loot_bundle":1,"minecraft:oak_planks":72,"minecraft:stone_shovel":2,"minecraft:cooked_chicken":3,"cobblemon:apricorn_planks":20,"minecraft:furnace":6,"minecraft:cooked_mutton":4,"minecraft:stone_pickaxe":8,"minecraft:chest":2,"minecraft:cooked_beef":10,"minecraft:coal_block":21,"minecraft:cooked_porkchop":3,"minecraft:crafting_table":5,"minecraft:copper_ingot":135,"minecraft:stone_axe":1,"minecraft:air":0,"minecraft:stick":48,"minecraft:iron_ingot":18,"minecraft:stone_sword":2},"minecraft:dropped":{"minecraft:moss_block":17,"minecraft:wheat_seeds":2,"minecraft:cobblestone":49,"cobblemon:deepslate_moon_stone_ore":3,"minecraft:flint":1,"minecraft:dirt":34,"minecraft:grass":4,"minecraft:danger_pottery_sherd":4,"minecraft:coarse_dirt":2,"minecraft:tuff":4,"minecraft:stone_shovel":1,"minecraft:rotten_flesh":9,"minecraft:light_gray_wool":1,"minecraft:oak_planks":52,"minecraft:spider_eye":1,"minecraft:red_nether_bricks":2,"mcwwindows:birch_louvered_shutter":1},"minecraft:used":{"minecraft:stone_sword":129,"minecraft:stone_shovel":49,"minecraft:chest":2,"minecraft:cooked_chicken":3,"minecraft:netherrack":10,"minecraft:furnace":7,"minecraft:cooked_beef":10,"minecraft:cooked_mutton":4,"minecraft:spruce_door":3,"minecraft:stone_pickaxe":857,"lootbundles:loot_bundle":2,"minecraft:crafting_table":6,"cobblemon:deepslate_moon_stone_ore":3,"minecraft:iron_pickaxe":194,"mcwdoors:dark_oak_barn_door":1,"minecraft:stone_axe":118,"minecraft:cobblestone":183,"minecraft:cooked_porkchop":3,"minecraft:andesite":4},"minecraft:broken":{"minecraft:stone_pickaxe":6},"minecraft:custom":{"minecraft:mob_kills":35,"minecraft:interact_with_crafting_table":24,"minecraft:leave_game":1,"minecraft:time_since_death":179474,"minecraft:climb_one_cm":3346,"minecraft:sprint_one_cm":45950,"minecraft:walk_one_cm":438021,"minecraft:drop":21,"minecraft:play_time":195149,"minecraft:deaths":1,"minecraft:sneak_time":207,"minecraft:walk_under_water_one_cm":23703,"minecraft:jump":1241,"minecraft:walk_on_water_one_cm":40081,"minecraft:total_world_time":195149,"minecraft:interact_with_furnace":46,"minecraft:time_since_rest":179504,"minecraft:damage_taken":1725,"minecraft:damage_dealt":5931,"minecraft:swim_one_cm":30316,"minecraft:fly_one_cm":65883,"minecraft:open_chest":14,"minecraft:crouch_one_cm":115,"minecraft:fall_one_cm":23469},"minecraft:picked_up":{"minecraft:cocoa_beans":15,"minecraft:coarse_dirt":4,"minecraft:crafting_table":1,"minecraft:chicken":3,"minecraft:clay_ball":228,"cobblemon:blue_mint_leaf":8,"minecraft:gold_block":3,"minecraft:stone_brick_stairs":1,"minecraft:string":2,"minecraft:moss_carpet":3,"minecraft:raw_copper":196,"cobblemon:revival_herb":4,"minecraft:red_nether_bricks":2,"cobblemon:white_apricorn":6,"minecraft:cobbled_deepslate":5,"cobblemon:white_apricorn_seed":1,"minecraft:beef":10,"cobblemon:oran_berry":19,"minecraft:light_gray_wool":1,"minecraft:iron_pickaxe":1,"cobblemon:pep_up_flower":2,"minecraft:melon_slice":52,"minecraft:furnace":1,"minecraft:raw_iron":18,"minecraft:stick":2,"cobblemon:apricorn_log":5,"minecraft:porkchop":3,"cobblemon:nanab_berry":14,"minecraft:rotten_flesh":27,"cobblemon:blue_mint_seeds":3,"minecraft:arrow":3,"mcwwindows:birch_louvered_shutter":1,"minecraft:glow_berries":2,"minecraft:mutton":4,"minecraft:white_wool":3,"minecraft:cobblestone":355,"minecraft:magma_block":29,"minecraft:feather":1,"lootbundles:loot_bundle":1,"minecraft:andesite":13,"minecraft:leather":3,"cobblemon:pinap_berry":25,"minecraft:torchflower":1,"minecraft:flint":2,"minecraft:tuff":4,"minecraft:oak_log":31,"minecraft:danger_pottery_sherd":4,"cobblemon:deepslate_moon_stone_ore":3,"minecraft:lapis_lazuli":21,"minecraft:dirt":34,"minecraft:bone":2,"lootbundles:fragment":21,"minecraft:wheat_seeds":4,"cobblemon:thunder_stone":3,"minecraft:moss_block":17,"minecraft:iron_sword":1,"minecraft:oak_planks":152,"cobblemon:sun_stone":1,"minecraft:quartz":1,"minecraft:gravel":6,"cobblemon:premier_ball":4,"cobblemon:persim_berry":28,"cobblemon:aspear_berry":15,"minecraft:spider_eye":1,"cobblemon:haban_berry":1,"minecraft:grass":4,"minecraft:oak_sapling":2,"cobblemon:water_stone":1,"minecraft:netherrack":90,"minecraft:coal":253}},"DataVersion":3465}