{"stats":{"minecraft:killed":{"minecraft:spider":1,"minecraft:sheep":4,"minecraft:zombie":10,"minecraft:drowned":1,"minecraft:cow":4},"minecraft:mined":{"minecraft:podzol":1,"minecraft:tuff":4,"cobblemon:apricorn_log":5,"cobblemon:apricorn_leaves":29,"minecraft:clay":55,"minecraft:crafting_table":1,"minecraft:grass_block":1,"minecraft:melon":4,"minecraft:copper_ore":2,"cobblemon:pinap_berry":5,"minecraft:tall_grass":3,"minecraft:deepslate_coal_ore":17,"cobblemon:oran_berry":4,"minecraft:deepslate_copper_ore":5,"minecraft:andesite":2,"cobblemon:persim_berry":5,"minecraft:grass":16,"minecraft:coal_ore":2,"minecraft:oak_log":33,"minecraft:gravel":7,"minecraft:dirt":4,"cobblemon:white_apricorn":3,"cobblemon:sun_stone_ore":1,"minecraft:stone":87,"minecraft:oak_leaves":49,"minecraft:fern":1},"minecraft:crafted":{"minecraft:cooked_beef":10,"minecraft:oak_planks":72,"minecraft:stone_shovel":1,"minecraft:crafting_table":2,"minecraft:cooked_chicken":3,"cobblemon:apricorn_planks":20,"minecraft:furnace":2,"minecraft:stone_axe":1,"minecraft:cooked_mutton":4,"minecraft:air":0,"minecraft:stick":48,"minecraft:stone_pickaxe":5,"minecraft:stone_sword":1},"minecraft:dropped":{"minecraft:wheat_seeds":2,"minecraft:light_gray_wool":1,"cobblemon:deepslate_moon_stone_ore":3,"minecraft:spider_eye":1},"minecraft:used":{"minecraft:cooked_mutton":4,"minecraft:stone_sword":88,"minecraft:spruce_door":3,"minecraft:stone_shovel":25,"minecraft:stone_pickaxe":172,"minecraft:cooked_chicken":3,"minecraft:crafting_table":3,"lootbundles:loot_bundle":1,"cobblemon:deepslate_moon_stone_ore":1,"mcwdoors:dark_oak_barn_door":1,"minecraft:stone_axe":118,"minecraft:cobblestone":1,"minecraft:furnace":2,"minecraft:andesite":4},"minecraft:broken":{"minecraft:stone_pickaxe":1},"minecraft:custom":{"minecraft:interact_with_furnace":14,"minecraft:mob_kills":20,"minecraft:interact_with_crafting_table":10,"minecraft:leave_game":1,"minecraft:time_since_death":95474,"minecraft:climb_one_cm":580,"minecraft:time_since_rest":95504,"minecraft:sprint_one_cm":17273,"minecraft:damage_taken":390,"minecraft:walk_one_cm":205558,"minecraft:drop":4,"minecraft:damage_dealt":3205,"minecraft:fly_one_cm":28404,"minecraft:open_chest":2,"minecraft:crouch_one_cm":50,"minecraft:play_time":111149,"minecraft:deaths":1,"minecraft:sneak_time":39,"minecraft:walk_under_water_one_cm":2139,"minecraft:jump":406,"minecraft:walk_on_water_one_cm":2301,"minecraft:total_world_time":111149,"minecraft:fall_one_cm":7178},"minecraft:picked_up":{"minecraft:crafting_table":1,"minecraft:coarse_dirt":2,"minecraft:feather":1,"minecraft:chicken":3,"minecraft:clay_ball":220,"lootbundles:loot_bundle":1,"minecraft:andesite":13,"minecraft:leather":3,"cobblemon:pinap_berry":25,"minecraft:flint":1,"minecraft:tuff":4,"minecraft:oak_log":31,"minecraft:string":2,"minecraft:dirt":31,"cobblemon:deepslate_moon_stone_ore":3,"minecraft:raw_copper":25,"cobblemon:white_apricorn":6,"lootbundles:fragment":10,"minecraft:wheat_seeds":4,"cobblemon:white_apricorn_seed":1,"minecraft:beef":10,"cobblemon:oran_berry":19,"minecraft:iron_pickaxe":1,"minecraft:light_gray_wool":1,"minecraft:melon_slice":21,"minecraft:iron_sword":1,"cobblemon:sun_stone":1,"cobblemon:apricorn_log":5,"minecraft:gravel":6,"cobblemon:premier_ball":3,"cobblemon:persim_berry":28,"minecraft:spider_eye":1,"minecraft:rotten_flesh":11,"minecraft:oak_sapling":2,"minecraft:mutton":4,"minecraft:coal":19,"minecraft:white_wool":3,"minecraft:cobblestone":104}},"DataVersion":3465}