{"stats":{"minecraft:killed":{"minecraft:spider":1,"minecraft:sheep":4,"minecraft:zombie":10,"minecraft:drowned":1,"minecraft:cow":4},"minecraft:mined":{"minecraft:podzol":1,"minecraft:tuff":4,"cobblemon:revival_herb":1,"cobblemon:apricorn_log":5,"cobblemon:apricorn_leaves":29,"minecraft:clay":65,"minecraft:crafting_table":1,"minecraft:grass_block":1,"minecraft:melon":5,"minecraft:stone_slab":1,"minecraft:copper_ore":40,"cobblemon:pinap_berry":5,"minecraft:tall_grass":4,"minecraft:cobblestone":5,"minecraft:deepslate_coal_ore":17,"minecraft:moss_block":16,"cobblemon:oran_berry":4,"minecraft:deepslate_copper_ore":5,"minecraft:iron_ore":3,"minecraft:andesite":2,"minecraft:moss_carpet":1,"cobblemon:persim_berry":5,"minecraft:grass":19,"minecraft:coal_ore":103,"minecraft:oak_log":33,"minecraft:cave_vines":1,"minecraft:cocoa":1,"cobblemon:thunder_stone_ore":1,"minecraft:gravel":8,"minecraft:dirt":4,"cobblemon:white_apricorn":3,"cobblemon:sun_stone_ore":1,"minecraft:stone":181,"cobblemon:water_stone_ore":1,"minecraft:oak_leaves":53,"minecraft:fern":1},"minecraft:crafted":{"minecraft:cooked_beef":10,"minecraft:oak_planks":72,"minecraft:stone_shovel":1,"minecraft:crafting_table":2,"minecraft:cooked_chicken":3,"cobblemon:apricorn_planks":20,"minecraft:furnace":2,"minecraft:copper_ingot":25,"minecraft:stone_axe":1,"minecraft:cooked_mutton":4,"minecraft:air":0,"minecraft:stick":48,"minecraft:stone_pickaxe":5,"minecraft:stone_sword":1},"minecraft:dropped":{"minecraft:wheat_seeds":2,"minecraft:coarse_dirt":2,"minecraft:tuff":4,"minecraft:rotten_flesh":8,"minecraft:light_gray_wool":1,"cobblemon:deepslate_moon_stone_ore":3,"minecraft:flint":1,"minecraft:dirt":31,"minecraft:spider_eye":1},"minecraft:used":{"minecraft:cooked_mutton":4,"minecraft:stone_sword":88,"minecraft:spruce_door":3,"minecraft:stone_shovel":49,"minecraft:stone_pickaxe":433,"minecraft:cooked_chicken":3,"minecraft:crafting_table":3,"lootbundles:loot_bundle":1,"cobblemon:deepslate_moon_stone_ore":1,"mcwdoors:dark_oak_barn_door":1,"minecraft:stone_axe":118,"minecraft:cobblestone":13,"minecraft:furnace":2,"minecraft:andesite":4},"minecraft:broken":{"minecraft:stone_pickaxe":1},"minecraft:custom":{"minecraft:interact_with_furnace":18,"minecraft:mob_kills":20,"minecraft:interact_with_crafting_table":10,"minecraft:leave_game":1,"minecraft:time_since_death":119474,"minecraft:climb_one_cm":886,"minecraft:time_since_rest":119504,"minecraft:sprint_one_cm":19955,"minecraft:damage_taken":410,"minecraft:walk_one_cm":250534,"minecraft:drop":10,"minecraft:damage_dealt":3235,"minecraft:fly_one_cm":29977,"minecraft:open_chest":2,"minecraft:crouch_one_cm":50,"minecraft:play_time":135149,"minecraft:deaths":1,"minecraft:sneak_time":39,"minecraft:walk_under_water_one_cm":2345,"minecraft:jump":565,"minecraft:walk_on_water_one_cm":2692,"minecraft:total_world_time":135149,"minecraft:fall_one_cm":9412},"minecraft:picked_up":{"minecraft:cocoa_beans":5,"minecraft:crafting_table":1,"minecraft:coarse_dirt":4,"minecraft:feather":1,"minecraft:chicken":3,"minecraft:clay_ball":224,"lootbundles:loot_bundle":1,"minecraft:andesite":13,"minecraft:leather":3,"cobblemon:pinap_berry":25,"minecraft:flint":2,"minecraft:tuff":4,"minecraft:oak_log":31,"minecraft:string":2,"minecraft:dirt":31,"cobblemon:deepslate_moon_stone_ore":3,"minecraft:moss_carpet":3,"minecraft:raw_copper":155,"cobblemon:revival_herb":4,"cobblemon:white_apricorn":6,"lootbundles:fragment":10,"minecraft:wheat_seeds":4,"cobblemon:white_apricorn_seed":1,"minecraft:beef":10,"cobblemon:oran_berry":19,"cobblemon:thunder_stone":1,"minecraft:moss_block":16,"minecraft:iron_pickaxe":1,"minecraft:light_gray_wool":1,"cobblemon:pep_up_flower":2,"minecraft:melon_slice":27,"minecraft:iron_sword":1,"cobblemon:sun_stone":1,"minecraft:raw_iron":3,"cobblemon:apricorn_log":5,"minecraft:gravel":6,"cobblemon:premier_ball":3,"cobblemon:persim_berry":28,"minecraft:spider_eye":1,"minecraft:rotten_flesh":19,"cobblemon:water_stone":1,"minecraft:oak_sapling":2,"minecraft:mutton":4,"minecraft:coal":120,"minecraft:white_wool":3,"minecraft:cobblestone":143}},"DataVersion":3465}