{"stats":{"minecraft:killed":{"minecraft:spider":3,"minecraft:skeleton":12,"minecraft:chicken":5,"minecraft:pig":4,"cobblemon:pokemon":4,"minecraft:sheep":13,"minecraft:zombie":5,"minecraft:cow":24},"minecraft:mined":{"minecraft:cut_red_sandstone_slab":2,"minecraft:tuff":1,"minecraft:jungle_leaves":3,"minecraft:granite":14,"minecraft:smooth_red_sandstone_stairs":2,"minecraft:grass_block":22,"minecraft:decorated_pot":7,"minecraft:jungle_planks":7,"minecraft:jungle_log":7,"minecraft:moss_block":1,"minecraft:packed_mud":2,"minecraft:red_sandstone":3,"minecraft:iron_ore":61,"minecraft:andesite":28,"minecraft:pumpkin":1,"minecraft:smooth_red_sandstone":1,"minecraft:vine":6,"minecraft:stripped_oak_log":2,"minecraft:stone":89,"cobblemon:water_stone_ore":1,"minecraft:smoker":1,"minecraft:crafting_table":1,"minecraft:torch":5,"minecraft:blast_furnace":2,"minecraft:dead_tube_coral_wall_fan":1,"minecraft:calcite":13,"minecraft:melon":46,"minecraft:dead_bush":1,"minecraft:chest":1,"minecraft:tall_grass":1,"cobblemon:pinap_berry":5,"minecraft:copper_ore":14,"minecraft:cobblestone":1,"minecraft:deepslate_coal_ore":5,"cobblemon:oran_berry":2,"cobblemon:relic_coin_pouch":1,"minecraft:wall_torch":6,"minecraft:amethyst_block":7,"minecraft:coarse_dirt":9,"minecraft:grass":17,"minecraft:red_sandstone_wall":1,"minecraft:oak_log":14,"minecraft:coal_ore":127,"cobblemon:white_mint":3,"minecraft:dirt":32,"minecraft:smooth_basalt":1,"minecraft:terracotta":57,"minecraft:cut_red_sandstone":5,"minecraft:acacia_wall_sign":1,"minecraft:oak_leaves":3,"minecraft:fern":5},"minecraft:crafted":{"lootbundles:loot_bundle":3,"minecraft:oak_planks":40,"minecraft:cooked_chicken":6,"minecraft:furnace":2,"cobblemon:premier_ball":8,"minecraft:cooked_mutton":1,"minecraft:iron_axe":1,"minecraft:stone_pickaxe":4,"minecraft:chest":5,"minecraft:cooked_rabbit":3,"minecraft:cooked_beef":37,"minecraft:cooked_porkchop":5,"minecraft:crafting_table":2,"minecraft:wooden_pickaxe":1,"minecraft:iron_sword":2,"minecraft:copper_ingot":49,"minecraft:stone_axe":2,"minecraft:air":0,"minecraft:jungle_planks":24,"minecraft:stick":28,"minecraft:iron_ingot":33,"minecraft:iron_pickaxe":2,"minecraft:stone_sword":2,"minecraft:white_bed":1,"minecraft:torch":12},"minecraft:dropped":{"cobblemon:cracked_pot":1,"minecraft:bread":2,"minecraft:iron_ingot":2,"minecraft:iron_sword":1,"minecraft:cobblestone":16,"minecraft:tube_coral_fan":1,"minecraft:host_armor_trim_smithing_template":1,"mcwdoors:mangrove_four_panel_door":4,"mcwdoors:warped_swamp_door":5,"minecraft:mojang_banner_pattern":1,"minecraft:light_blue_wool":1,"minecraft:iron_pickaxe":1,"minecraft:string":4,"minecraft:bone":4,"minecraft:smooth_basalt":1,"minecraft:gravel":3,"minecraft:stone_axe":2,"minecraft:stone_sword":1,"minecraft:wild_armor_trim_smithing_template":1,"minecraft:tuff":1,"mcwdoors:acacia_bamboo_door":1,"cobblemon:premier_ball":3,"cobblemon:moon_ball":4,"villagersellanimals:crate_zombie_foal":3,"minecraft:rabbit_foot":1,"mcwdoors:mangrove_barn_door":1,"minecraft:allium":1,"minecraft:andesite":11,"mcwwindows:andesite_louvered_shutter":1,"minecraft:arrow":4,"minecraft:wooden_pickaxe":1,"minecraft:stone_pickaxe":4,"minecraft:polished_granite":4,"mcwfences:acacia_horse_fence":3},"minecraft:used":{"minecraft:stone_sword":160,"minecraft:decorated_pot":4,"minecraft:chest":5,"minecraft:cooked_chicken":4,"minecraft:torch":22,"minecraft:dirt":12,"minecraft:mutton":7,"villagersellanimals:crate_zombie_foal":1,"minecraft:furnace":2,"mcwfences:acacia_horse_fence":3,"minecraft:cooked_beef":12,"minecraft:cooked_mutton":1,"minecraft:tube_coral_fan":1,"minecraft:stone_pickaxe":451,"minecraft:wooden_pickaxe":25,"minecraft:terracotta":55,"minecraft:crafting_table":3,"lootbundles:loot_bundle":7,"minecraft:white_bed":1,"minecraft:smoker":1,"minecraft:bread":2,"minecraft:melon_slice":59,"mcwdoors:warped_swamp_door":1,"minecraft:stone_axe":146,"minecraft:cobblestone":20},"minecraft:broken":{"minecraft:stone_sword":1,"minecraft:stone_pickaxe":2},"minecraft:custom":{"minecraft:mob_kills":75,"minecraft:interact_with_crafting_table":29,"minecraft:leave_game":1,"minecraft:time_since_death":35696,"minecraft:climb_one_cm":9545,"minecraft:sprint_one_cm":250929,"minecraft:walk_one_cm":296081,"minecraft:drop":41,"minecraft:talked_to_villager":19,"minecraft:play_time":167722,"minecraft:deaths":1,"minecraft:sneak_time":461,"minecraft:walk_under_water_one_cm":16412,"minecraft:jump":2632,"minecraft:walk_on_water_one_cm":25373,"minecraft:total_world_time":167722,"minecraft:interact_with_furnace":36,"minecraft:sleep_in_bed":2,"minecraft:time_since_rest":35727,"minecraft:damage_taken":2595,"minecraft:damage_dealt":9638,"minecraft:swim_one_cm":10390,"minecraft:fly_one_cm":419769,"minecraft:open_chest":35,"minecraft:crouch_one_cm":123,"minecraft:interact_with_smoker":3,"minecraft:fall_one_cm":92501},"minecraft:picked_up":{"minecraft:crafting_table":1,"minecraft:coarse_dirt":9,"minecraft:allium":1,"minecraft:chicken":8,"minecraft:wooden_pickaxe":1,"mcwdoors:mangrove_four_panel_door":4,"mcwwindows:andesite_louvered_shutter":1,"minecraft:brick":12,"cobblemon:cyan_mint_seeds":1,"minecraft:amethyst_block":7,"minecraft:string":6,"minecraft:raw_copper":49,"cobblemon:white_mint_leaf":2,"cobblemon:white_apricorn":4,"cobblemon:white_apricorn_seed":1,"minecraft:acacia_sign":3,"minecraft:beef":50,"cobblemon:oran_berry":9,"cobblemon:relic_coin":44,"villagersellanimals:crate_zombie_foal":3,"minecraft:calcite":12,"minecraft:jungle_sapling":2,"minecraft:melon_slice":233,"minecraft:chest":1,"minecraft:egg":1,"cobblemon:cyan_mint_leaf":5,"mcwfences:acacia_horse_fence":3,"minecraft:mojang_banner_pattern":1,"minecraft:stick":1,"minecraft:raw_iron":60,"minecraft:torch":12,"minecraft:cut_red_sandstone_slab":1,"minecraft:porkchop":11,"cobblemon:white_mint_seeds":3,"minecraft:rabbit_foot":1,"minecraft:stone_sword":1,"minecraft:arrow":14,"minecraft:rotten_flesh":9,"minecraft:light_blue_wool":1,"minecraft:decorated_pot":4,"minecraft:tube_coral_fan":1,"mcwdoors:acacia_bamboo_door":1,"minecraft:host_armor_trim_smithing_template":1,"minecraft:glow_berries":1,"minecraft:mutton":14,"cobblemon:blue_apricorn":3,"minecraft:white_wool":10,"minecraft:cobblestone":86,"minecraft:stripped_oak_log":2,"minecraft:smooth_red_sandstone_stairs":2,"minecraft:air":0,"minecraft:feather":7,"minecraft:smooth_red_sandstone":1,"lootbundles:loot_bundle":4,"minecraft:jungle_log":6,"minecraft:andesite":27,"minecraft:leather":28,"cobblemon:pinap_berry":33,"minecraft:smoker":1,"minecraft:tuff":1,"minecraft:oak_log":10,"minecraft:dirt":68,"minecraft:polished_granite":4,"minecraft:bone":9,"cobblemon:moon_ball":4,"lootbundles:fragment":31,"minecraft:red_sandstone":3,"minecraft:wheat_seeds":1,"minecraft:wild_armor_trim_smithing_template":1,"minecraft:stone_pickaxe":3,"minecraft:iron_ingot":2,"minecraft:rabbit":3,"minecraft:bamboo":57,"cobblemon:cracked_pot":1,"minecraft:smooth_basalt":2,"minecraft:red_sandstone_wall":1,"minecraft:pumpkin":1,"minecraft:gravel":3,"cobblemon:premier_ball":1,"minecraft:jungle_planks":7,"minecraft:blast_furnace":2,"minecraft:cut_red_sandstone":3,"mcwdoors:warped_swamp_door":5,"mcwdoors:mangrove_barn_door":1,"minecraft:stone_axe":2,"minecraft:granite":14,"minecraft:gray_wool":2,"minecraft:bread":2,"minecraft:terracotta":56,"cobblemon:water_stone":1,"minecraft:coal":131}},"DataVersion":3465}