{"stats":{"minecraft:picked_up":{"minecraft:stripped_oak_log":2,"minecraft:crafting_table":1,"minecraft:coarse_dirt":3,"minecraft:feather":3,"minecraft:air":0,"minecraft:chicken":4,"lootbundles:loot_bundle":1,"minecraft:jungle_log":6,"minecraft:andesite":27,"minecraft:leather":12,"minecraft:wooden_pickaxe":1,"mcwwindows:andesite_louvered_shutter":1,"minecraft:tuff":1,"mcwdoors:mangrove_four_panel_door":4,"minecraft:oak_log":10,"minecraft:amethyst_block":7,"minecraft:string":4,"minecraft:dirt":34,"minecraft:raw_copper":2,"cobblemon:white_mint_leaf":2,"cobblemon:white_apricorn":4,"minecraft:bone":5,"lootbundles:fragment":3,"minecraft:wheat_seeds":1,"cobblemon:white_apricorn_seed":1,"minecraft:beef":29,"minecraft:stone_pickaxe":3,"cobblemon:oran_berry":9,"minecraft:calcite":12,"minecraft:rabbit":2,"minecraft:bamboo":43,"minecraft:melon_slice":28,"minecraft:stick":1,"minecraft:mojang_banner_pattern":1,"minecraft:raw_iron":56,"minecraft:smooth_basalt":2,"minecraft:torch":9,"minecraft:gravel":3,"cobblemon:white_mint_seeds":3,"minecraft:rabbit_foot":1,"mcwdoors:warped_swamp_door":1,"minecraft:stone_sword":1,"minecraft:rotten_flesh":3,"minecraft:arrow":5,"minecraft:light_blue_wool":1,"minecraft:stone_axe":1,"minecraft:gray_wool":1,"cobblemon:water_stone":1,"minecraft:terracotta":54,"cobblemon:blue_apricorn":3,"minecraft:glow_berries":1,"minecraft:mutton":8,"minecraft:coal":118,"minecraft:white_wool":5,"minecraft:cobblestone":66},"minecraft:used":{"minecraft:cooked_mutton":1,"minecraft:stone_sword":49,"minecraft:stone_pickaxe":350,"minecraft:chest":2,"minecraft:wooden_pickaxe":22,"minecraft:cooked_chicken":2,"minecraft:torch":15,"minecraft:dirt":5,"minecraft:terracotta":11,"minecraft:mutton":7,"lootbundles:loot_bundle":1,"minecraft:crafting_table":2,"minecraft:white_bed":1,"minecraft:melon_slice":5,"mcwdoors:warped_swamp_door":1,"minecraft:stone_axe":70,"minecraft:cobblestone":3,"minecraft:furnace":2,"minecraft:cooked_beef":6},"minecraft:killed":{"cobblemon:pokemon":3,"minecraft:spider":2,"minecraft:sheep":7,"minecraft:skeleton":4,"minecraft:chicken":2,"minecraft:cow":15},"minecraft:mined":{"minecraft:tuff":1,"minecraft:jungle_leaves":2,"minecraft:crafting_table":1,"minecraft:torch":5,"minecraft:grass_block":18,"minecraft:calcite":12,"minecraft:melon":6,"minecraft:jungle_log":7,"minecraft:copper_ore":3,"minecraft:tall_grass":1,"minecraft:deepslate_coal_ore":2,"cobblemon:oran_berry":2,"minecraft:moss_block":1,"minecraft:wall_torch":4,"minecraft:amethyst_block":7,"minecraft:coarse_dirt":3,"minecraft:iron_ore":57,"minecraft:andesite":28,"minecraft:grass":8,"cobblemon:white_mint":3,"minecraft:oak_log":14,"minecraft:coal_ore":116,"minecraft:vine":4,"minecraft:dirt":17,"minecraft:stripped_oak_log":2,"minecraft:smooth_basalt":1,"minecraft:terracotta":55,"minecraft:fern":1,"minecraft:stone":69,"cobblemon:water_stone_ore":1,"minecraft:oak_leaves":3},"minecraft:crafted":{"minecraft:cooked_beef":6,"minecraft:oak_planks":40,"minecraft:crafting_table":1,"minecraft:cooked_chicken":2,"minecraft:wooden_pickaxe":1,"minecraft:iron_sword":2,"minecraft:furnace":2,"minecraft:stone_axe":1,"minecraft:cooked_mutton":1,"minecraft:jungle_planks":24,"minecraft:iron_axe":1,"minecraft:stick":24,"minecraft:iron_ingot":20,"minecraft:iron_pickaxe":2,"minecraft:stone_pickaxe":3,"minecraft:chest":3,"minecraft:stone_sword":1,"minecraft:white_bed":1,"minecraft:torch":12},"minecraft:broken":{"minecraft:stone_pickaxe":1},"minecraft:custom":{"minecraft:interact_with_furnace":17,"minecraft:mob_kills":34,"minecraft:interact_with_crafting_table":10,"minecraft:time_since_death":57815,"minecraft:sleep_in_bed":1,"minecraft:climb_one_cm":4355,"minecraft:time_since_rest":42176,"minecraft:sprint_one_cm":89341,"minecraft:damage_taken":970,"minecraft:walk_one_cm":138818,"minecraft:drop":24,"minecraft:damage_dealt":3929,"minecraft:swim_one_cm":1562,"minecraft:fly_one_cm":127994,"minecraft:open_chest":6,"minecraft:crouch_one_cm":64,"minecraft:play_time":57815,"minecraft:sneak_time":64,"minecraft:walk_under_water_one_cm":3725,"minecraft:jump":1060,"minecraft:walk_on_water_one_cm":5875,"minecraft:total_world_time":57815,"minecraft:fall_one_cm":38196},"minecraft:dropped":{"minecraft:gravel":3,"minecraft:iron_sword":1,"minecraft:stone_axe":1,"minecraft:stone_sword":1,"minecraft:tuff":1,"minecraft:cobblestone":16,"mcwdoors:mangrove_four_panel_door":4,"mcwdoors:warped_swamp_door":1,"minecraft:mojang_banner_pattern":1,"minecraft:light_blue_wool":1,"minecraft:andesite":11,"mcwwindows:andesite_louvered_shutter":1,"minecraft:arrow":4,"minecraft:stone_pickaxe":4,"minecraft:wooden_pickaxe":1,"minecraft:iron_pickaxe":1,"minecraft:string":4,"minecraft:smooth_basalt":1,"minecraft:bone":4}},"DataVersion":3465}