{"stats":{"minecraft:custom":{"minecraft:interact_with_furnace":60,"minecraft:mob_kills":23,"minecraft:interact_with_crafting_table":18,"minecraft:leave_game":1,"minecraft:time_since_death":18841,"minecraft:time_since_rest":18901,"minecraft:sprint_one_cm":168423,"minecraft:damage_taken":2088,"minecraft:walk_one_cm":229491,"minecraft:drop":2,"minecraft:damage_dealt":2950,"minecraft:swim_one_cm":8410,"minecraft:fly_one_cm":127537,"minecraft:open_chest":24,"minecraft:crouch_one_cm":2313,"minecraft:play_time":96420,"minecraft:deaths":5,"minecraft:sneak_time":747,"minecraft:walk_under_water_one_cm":4383,"minecraft:jump":1307,"minecraft:walk_on_water_one_cm":21437,"minecraft:total_world_time":96420,"minecraft:fall_one_cm":41328},"minecraft:killed":{"minecraft:pig":2,"cobblemon:pokemon":2,"minecraft:spider":1,"minecraft:sheep":5,"minecraft:skeleton":5,"minecraft:zombie":2,"minecraft:chicken":1,"minecraft:cow":4},"minecraft:mined":{"biomesoplenty:orange_autumn_leaves":2,"cobblemon:shiny_stone_ore":1,"minecraft:dark_oak_log":21,"minecraft:clay":107,"minecraft:crafting_table":2,"minecraft:grass_block":20,"minecraft:chest":2,"minecraft:mushroom_stem":4,"minecraft:copper_ore":9,"minecraft:brown_mushroom_block":12,"minecraft:cobblestone":17,"minecraft:bricks":1,"minecraft:white_terracotta":45,"minecraft:spore_blossom":1,"minecraft:coarse_dirt":1,"minecraft:birch_log":7,"minecraft:iron_ore":8,"cobblemon:razz_berry":5,"cobblemon:medicinal_leek":4,"minecraft:grass":4,"minecraft:coal_ore":77,"minecraft:oak_log":15,"minecraft:sand":22,"minecraft:dirt":23,"minecraft:red_mushroom_block":2,"minecraft:stone":357},"minecraft:dropped":{"minecraft:wheat_seeds":1,"minecraft:cobblestone":6},"minecraft:used":{"minecraft:stone_sword":54,"minecraft:stone_pickaxe":462,"minecraft:stone_shovel":132,"minecraft:chest":7,"minecraft:wooden_pickaxe":59,"minecraft:white_terracotta":44,"minecraft:cooked_chicken":1,"minecraft:torch":23,"minecraft:dirt":12,"minecraft:crafting_table":3,"minecraft:white_bed":1,"minecraft:wooden_axe":15,"minecraft:bricks":54,"minecraft:string":1,"minecraft:chicken":2,"minecraft:spore_blossom":1,"minecraft:stone_axe":62,"minecraft:cobblestone":125,"minecraft:furnace":4,"minecraft:porkchop":1,"alexsmobs:animal_dictionary":1,"minecraft:cooked_beef":8},"minecraft:broken":{"minecraft:stone_pickaxe":2,"minecraft:stone_shovel":1,"minecraft:wooden_pickaxe":1},"minecraft:killed_by":{"minecraft:player":1,"minecraft:skeleton":1,"minecraft:spider":2,"minecraft:zombie":1},"minecraft:picked_up":{"minecraft:pink_petals":3,"minecraft:coarse_dirt":1,"minecraft:crafting_table":3,"minecraft:air":0,"minecraft:feather":4,"minecraft:cooked_beef":2,"minecraft:chicken":5,"minecraft:clay_ball":455,"minecraft:leather":3,"minecraft:wooden_pickaxe":1,"cobblemon:razz_berry":6,"minecraft:birch_planks":8,"minecraft:oak_log":15,"minecraft:string":2,"minecraft:dirt":81,"minecraft:raw_copper":29,"cobblemon:pink_apricorn_seed":1,"minecraft:wooden_sword":1,"minecraft:bone":8,"minecraft:bow":1,"minecraft:wheat_seeds":4,"minecraft:rabbit_hide":1,"minecraft:spore_blossom":1,"minecraft:beef":8,"minecraft:stone_pickaxe":3,"cobblemon:oran_berry":15,"minecraft:rabbit":2,"minecraft:bamboo":76,"minecraft:chest":2,"cobblemon:chople_berry":1,"minecraft:egg":2,"minecraft:raw_iron":15,"minecraft:stick":8,"minecraft:cooked_porkchop":3,"minecraft:torch":3,"cobblemon:shiny_stone":2,"minecraft:porkchop":6,"minecraft:sand":21,"cobblemon:pink_apricorn":4,"minecraft:dark_oak_log":36,"minecraft:spider_eye":1,"minecraft:stone_sword":1,"minecraft:arrow":4,"minecraft:rotten_flesh":2,"minecraft:stone_axe":1,"minecraft:white_terracotta":44,"cobblemon:medicinal_leek":10,"cobblemon:chesto_berry":48,"minecraft:black_wool":1,"minecraft:mutton":8,"minecraft:bricks":1,"minecraft:coal":77,"minecraft:birch_log":7,"minecraft:white_wool":5,"minecraft:cobblestone":399,"minecraft:wooden_axe":1},"minecraft:crafted":{"minecraft:brick":217,"minecraft:cooked_beef":8,"minecraft:wooden_sword":1,"minecraft:stone_shovel":1,"minecraft:cooked_porkchop":5,"minecraft:crafting_table":1,"minecraft:wooden_pickaxe":1,"minecraft:cooked_chicken":1,"minecraft:furnace":4,"minecraft:copper_ingot":29,"minecraft:stone":60,"minecraft:birch_planks":24,"cobblemon:roseate_ball":4,"minecraft:stone_axe":1,"minecraft:air":0,"minecraft:cooked_mutton":6,"minecraft:stick":56,"minecraft:stone_pickaxe":6,"minecraft:wooden_axe":1,"minecraft:stone_sword":1,"minecraft:chest":5,"minecraft:white_bed":1,"minecraft:bricks":54,"minecraft:dark_oak_planks":64,"minecraft:torch":116}},"DataVersion":3465}