{"stats":{"minecraft:killed":{"minecraft:pig":2,"cobblemon:pokemon":4,"minecraft:spider":2,"minecraft:sheep":7,"minecraft:skeleton":7,"minecraft:zombie":3,"minecraft:chicken":2,"minecraft:cow":16},"minecraft:mined":{"minecraft:tuff":1,"minecraft:jungle_leaves":3,"minecraft:crafting_table":1,"minecraft:torch":5,"minecraft:granite":14,"minecraft:calcite":13,"minecraft:grass_block":19,"minecraft:melon":26,"minecraft:jungle_log":7,"minecraft:cobblestone":1,"minecraft:copper_ore":14,"minecraft:tall_grass":1,"minecraft:deepslate_coal_ore":2,"minecraft:moss_block":1,"cobblemon:oran_berry":2,"minecraft:wall_torch":4,"minecraft:amethyst_block":7,"minecraft:coarse_dirt":6,"minecraft:iron_ore":61,"minecraft:andesite":28,"minecraft:grass":12,"minecraft:coal_ore":116,"minecraft:oak_log":14,"cobblemon:white_mint":3,"minecraft:vine":5,"minecraft:dirt":17,"minecraft:stripped_oak_log":2,"minecraft:smooth_basalt":1,"minecraft:terracotta":55,"minecraft:stone":70,"minecraft:oak_leaves":3,"minecraft:fern":4,"cobblemon:water_stone_ore":1},"minecraft:crafted":{"minecraft:cooked_beef":29,"minecraft:oak_planks":40,"minecraft:crafting_table":1,"minecraft:wooden_pickaxe":1,"minecraft:cooked_chicken":4,"minecraft:iron_sword":2,"minecraft:furnace":2,"minecraft:copper_ingot":49,"cobblemon:premier_ball":8,"minecraft:stone_axe":1,"minecraft:cooked_mutton":1,"minecraft:air":0,"minecraft:jungle_planks":24,"minecraft:iron_axe":1,"minecraft:stick":24,"minecraft:iron_ingot":20,"minecraft:iron_pickaxe":2,"minecraft:stone_pickaxe":3,"minecraft:chest":3,"minecraft:stone_sword":1,"minecraft:white_bed":1,"minecraft:torch":12},"minecraft:dropped":{"minecraft:gravel":3,"minecraft:iron_sword":1,"minecraft:stone_axe":1,"minecraft:stone_sword":1,"minecraft:tuff":1,"minecraft:cobblestone":16,"cobblemon:premier_ball":3,"minecraft:rabbit_foot":1,"mcwdoors:mangrove_four_panel_door":4,"mcwdoors:warped_swamp_door":1,"minecraft:mojang_banner_pattern":1,"minecraft:light_blue_wool":1,"minecraft:andesite":11,"mcwwindows:andesite_louvered_shutter":1,"minecraft:arrow":4,"minecraft:stone_pickaxe":4,"minecraft:wooden_pickaxe":1,"minecraft:iron_pickaxe":1,"minecraft:string":4,"minecraft:smooth_basalt":1,"minecraft:bone":4},"minecraft:used":{"minecraft:cooked_mutton":1,"minecraft:stone_sword":89,"minecraft:stone_pickaxe":387,"minecraft:chest":2,"minecraft:wooden_pickaxe":25,"minecraft:cooked_chicken":4,"minecraft:torch":18,"minecraft:terracotta":42,"minecraft:dirt":5,"minecraft:mutton":7,"lootbundles:loot_bundle":1,"minecraft:crafting_table":2,"minecraft:white_bed":1,"minecraft:melon_slice":24,"mcwdoors:warped_swamp_door":1,"minecraft:stone_axe":99,"minecraft:cobblestone":4,"minecraft:furnace":2,"minecraft:cooked_beef":9},"minecraft:broken":{"minecraft:stone_pickaxe":1},"minecraft:custom":{"minecraft:interact_with_furnace":24,"minecraft:mob_kills":45,"minecraft:interact_with_crafting_table":13,"minecraft:leave_game":1,"minecraft:time_since_death":107722,"minecraft:climb_one_cm":4852,"minecraft:sleep_in_bed":1,"minecraft:time_since_rest":92083,"minecraft:sprint_one_cm":145050,"minecraft:damage_taken":1640,"minecraft:walk_one_cm":196565,"minecraft:drop":26,"minecraft:damage_dealt":5983,"minecraft:swim_one_cm":3122,"minecraft:fly_one_cm":227292,"minecraft:open_chest":11,"minecraft:crouch_one_cm":122,"minecraft:play_time":107722,"minecraft:sneak_time":353,"minecraft:walk_under_water_one_cm":14396,"minecraft:jump":1653,"minecraft:walk_on_water_one_cm":12016,"minecraft:total_world_time":107722,"minecraft:fall_one_cm":55370},"minecraft:picked_up":{"minecraft:stripped_oak_log":2,"minecraft:coarse_dirt":6,"minecraft:crafting_table":1,"minecraft:air":0,"minecraft:feather":4,"minecraft:chicken":5,"lootbundles:loot_bundle":2,"minecraft:andesite":27,"minecraft:jungle_log":6,"minecraft:leather":13,"minecraft:wooden_pickaxe":1,"minecraft:tuff":1,"mcwdoors:mangrove_four_panel_door":4,"minecraft:oak_log":10,"mcwwindows:andesite_louvered_shutter":1,"minecraft:amethyst_block":7,"minecraft:string":4,"minecraft:dirt":35,"minecraft:raw_copper":49,"cobblemon:white_mint_leaf":2,"cobblemon:white_apricorn":4,"minecraft:bone":6,"lootbundles:fragment":7,"minecraft:wheat_seeds":1,"cobblemon:white_apricorn_seed":1,"minecraft:beef":31,"minecraft:stone_pickaxe":3,"cobblemon:oran_berry":9,"minecraft:calcite":12,"minecraft:rabbit":3,"minecraft:bamboo":57,"minecraft:melon_slice":121,"minecraft:stick":1,"minecraft:raw_iron":60,"minecraft:mojang_banner_pattern":1,"minecraft:smooth_basalt":2,"minecraft:torch":10,"minecraft:gravel":3,"minecraft:porkchop":5,"cobblemon:white_mint_seeds":3,"minecraft:rabbit_foot":1,"mcwdoors:warped_swamp_door":1,"minecraft:stone_sword":1,"minecraft:arrow":7,"minecraft:rotten_flesh":6,"minecraft:light_blue_wool":1,"minecraft:stone_axe":1,"minecraft:granite":14,"minecraft:gray_wool":1,"minecraft:terracotta":54,"cobblemon:water_stone":1,"minecraft:glow_berries":1,"minecraft:mutton":8,"cobblemon:blue_apricorn":3,"minecraft:coal":118,"minecraft:white_wool":5,"minecraft:cobblestone":68}},"DataVersion":3465}