{"stats":{"minecraft:killed":{"minecraft:spider":3,"minecraft:skeleton":9,"minecraft:chicken":3,"minecraft:pig":4,"cobblemon:pokemon":4,"minecraft:sheep":8,"minecraft:zombie":5,"minecraft:cow":19},"minecraft:mined":{"minecraft:tuff":1,"minecraft:jungle_leaves":3,"minecraft:granite":14,"minecraft:grass_block":19,"minecraft:decorated_pot":4,"minecraft:jungle_planks":7,"minecraft:jungle_log":7,"minecraft:moss_block":1,"minecraft:iron_ore":61,"minecraft:andesite":28,"minecraft:pumpkin":1,"minecraft:vine":6,"minecraft:stripped_oak_log":2,"minecraft:stone":70,"cobblemon:water_stone_ore":1,"minecraft:smoker":1,"minecraft:crafting_table":1,"minecraft:torch":5,"minecraft:calcite":13,"minecraft:melon":46,"minecraft:tall_grass":1,"cobblemon:pinap_berry":5,"minecraft:copper_ore":14,"minecraft:cobblestone":1,"minecraft:deepslate_coal_ore":2,"cobblemon:oran_berry":2,"cobblemon:relic_coin_pouch":1,"minecraft:wall_torch":6,"minecraft:amethyst_block":7,"minecraft:coarse_dirt":8,"minecraft:grass":16,"minecraft:oak_log":14,"minecraft:coal_ore":118,"cobblemon:white_mint":3,"minecraft:dirt":24,"minecraft:smooth_basalt":1,"minecraft:terracotta":55,"minecraft:oak_leaves":3,"minecraft:fern":5},"minecraft:crafted":{"lootbundles:loot_bundle":2,"minecraft:oak_planks":40,"minecraft:cooked_chicken":4,"minecraft:furnace":2,"cobblemon:premier_ball":8,"minecraft:cooked_mutton":1,"minecraft:iron_axe":1,"minecraft:stone_pickaxe":4,"minecraft:chest":3,"minecraft:cooked_rabbit":3,"minecraft:cooked_beef":37,"minecraft:cooked_porkchop":5,"minecraft:crafting_table":2,"minecraft:wooden_pickaxe":1,"minecraft:iron_sword":2,"minecraft:copper_ingot":49,"minecraft:stone_axe":2,"minecraft:air":0,"minecraft:jungle_planks":24,"minecraft:stick":28,"minecraft:iron_ingot":33,"minecraft:iron_pickaxe":2,"minecraft:stone_sword":2,"minecraft:white_bed":1,"minecraft:torch":12},"minecraft:dropped":{"cobblemon:cracked_pot":1,"minecraft:bread":2,"minecraft:iron_ingot":2,"minecraft:iron_sword":1,"minecraft:cobblestone":16,"minecraft:tube_coral_fan":1,"mcwdoors:mangrove_four_panel_door":4,"mcwdoors:warped_swamp_door":1,"minecraft:mojang_banner_pattern":1,"minecraft:light_blue_wool":1,"minecraft:iron_pickaxe":1,"minecraft:string":4,"minecraft:bone":4,"minecraft:smooth_basalt":1,"minecraft:gravel":3,"minecraft:stone_axe":2,"minecraft:stone_sword":1,"minecraft:tuff":1,"mcwdoors:acacia_bamboo_door":1,"cobblemon:premier_ball":3,"minecraft:rabbit_foot":1,"minecraft:allium":1,"minecraft:andesite":11,"mcwwindows:andesite_louvered_shutter":1,"minecraft:arrow":4,"minecraft:wooden_pickaxe":1,"minecraft:stone_pickaxe":4},"minecraft:used":{"minecraft:stone_sword":143,"minecraft:decorated_pot":1,"minecraft:chest":2,"minecraft:cooked_chicken":4,"minecraft:torch":21,"minecraft:dirt":5,"minecraft:mutton":7,"minecraft:furnace":2,"minecraft:cooked_beef":12,"minecraft:cooked_mutton":1,"minecraft:tube_coral_fan":1,"minecraft:stone_pickaxe":391,"minecraft:wooden_pickaxe":25,"minecraft:terracotta":54,"minecraft:crafting_table":3,"lootbundles:loot_bundle":5,"minecraft:white_bed":1,"minecraft:bread":2,"minecraft:melon_slice":36,"mcwdoors:warped_swamp_door":1,"minecraft:stone_axe":132,"minecraft:cobblestone":13},"minecraft:broken":{"minecraft:stone_pickaxe":2},"minecraft:custom":{"minecraft:mob_kills":60,"minecraft:interact_with_crafting_table":21,"minecraft:leave_game":1,"minecraft:time_since_death":11696,"minecraft:climb_one_cm":8801,"minecraft:sprint_one_cm":195963,"minecraft:walk_one_cm":253161,"minecraft:drop":33,"minecraft:play_time":143722,"minecraft:deaths":1,"minecraft:sneak_time":374,"minecraft:walk_under_water_one_cm":15325,"minecraft:jump":2193,"minecraft:walk_on_water_one_cm":20914,"minecraft:total_world_time":143722,"minecraft:interact_with_furnace":34,"minecraft:sleep_in_bed":2,"minecraft:time_since_rest":11727,"minecraft:damage_taken":2360,"minecraft:damage_dealt":8244,"minecraft:swim_one_cm":9261,"minecraft:fly_one_cm":327247,"minecraft:open_chest":21,"minecraft:crouch_one_cm":122,"minecraft:interact_with_smoker":1,"minecraft:fall_one_cm":78288},"minecraft:picked_up":{"minecraft:crafting_table":1,"minecraft:coarse_dirt":8,"minecraft:allium":1,"minecraft:chicken":6,"minecraft:wooden_pickaxe":1,"mcwdoors:mangrove_four_panel_door":4,"mcwwindows:andesite_louvered_shutter":1,"minecraft:amethyst_block":7,"minecraft:string":6,"minecraft:raw_copper":49,"cobblemon:white_mint_leaf":2,"cobblemon:white_apricorn":4,"cobblemon:white_apricorn_seed":1,"minecraft:beef":41,"cobblemon:oran_berry":9,"cobblemon:relic_coin":44,"minecraft:calcite":12,"minecraft:jungle_sapling":1,"minecraft:melon_slice":233,"minecraft:mojang_banner_pattern":1,"minecraft:stick":1,"minecraft:raw_iron":60,"minecraft:torch":12,"minecraft:porkchop":11,"cobblemon:white_mint_seeds":3,"minecraft:rabbit_foot":1,"minecraft:stone_sword":1,"minecraft:arrow":11,"minecraft:rotten_flesh":9,"minecraft:light_blue_wool":1,"minecraft:decorated_pot":4,"minecraft:tube_coral_fan":1,"mcwdoors:acacia_bamboo_door":1,"minecraft:glow_berries":1,"minecraft:mutton":9,"cobblemon:blue_apricorn":3,"minecraft:white_wool":5,"minecraft:cobblestone":68,"minecraft:stripped_oak_log":2,"minecraft:air":0,"minecraft:feather":4,"lootbundles:loot_bundle":4,"minecraft:jungle_log":6,"minecraft:andesite":27,"minecraft:leather":21,"cobblemon:pinap_berry":33,"minecraft:smoker":1,"minecraft:tuff":1,"minecraft:oak_log":10,"minecraft:dirt":41,"minecraft:bone":6,"lootbundles:fragment":25,"minecraft:wheat_seeds":1,"minecraft:stone_pickaxe":3,"minecraft:iron_ingot":2,"minecraft:rabbit":3,"minecraft:bamboo":57,"cobblemon:cracked_pot":1,"minecraft:smooth_basalt":2,"minecraft:pumpkin":1,"minecraft:gravel":3,"cobblemon:premier_ball":1,"minecraft:jungle_planks":7,"mcwdoors:warped_swamp_door":1,"minecraft:stone_axe":2,"minecraft:granite":14,"minecraft:gray_wool":2,"minecraft:bread":2,"minecraft:terracotta":54,"cobblemon:water_stone":1,"minecraft:coal":119}},"DataVersion":3465}