{"stats":{"minecraft:picked_up":{"minecraft:stripped_oak_log":2,"minecraft:crafting_table":1,"minecraft:coarse_dirt":3,"minecraft:chicken":2,"lootbundles:loot_bundle":1,"minecraft:jungle_log":6,"minecraft:andesite":27,"minecraft:leather":2,"minecraft:wooden_pickaxe":1,"mcwwindows:andesite_louvered_shutter":1,"minecraft:tuff":1,"mcwdoors:mangrove_four_panel_door":4,"minecraft:oak_log":10,"minecraft:string":4,"minecraft:dirt":29,"cobblemon:white_apricorn":4,"minecraft:bone":5,"lootbundles:fragment":3,"cobblemon:white_apricorn_seed":1,"minecraft:beef":6,"minecraft:stone_pickaxe":3,"cobblemon:oran_berry":9,"minecraft:calcite":12,"minecraft:rabbit":1,"minecraft:bamboo":15,"minecraft:melon_slice":5,"minecraft:stick":1,"minecraft:mojang_banner_pattern":1,"minecraft:raw_iron":56,"minecraft:smooth_basalt":1,"minecraft:torch":9,"minecraft:gravel":3,"mcwdoors:warped_swamp_door":1,"minecraft:stone_sword":1,"minecraft:rotten_flesh":3,"minecraft:arrow":5,"minecraft:stone_axe":1,"minecraft:gray_wool":1,"cobblemon:water_stone":1,"minecraft:terracotta":39,"cobblemon:blue_apricorn":3,"minecraft:glow_berries":1,"minecraft:mutton":8,"minecraft:coal":118,"minecraft:white_wool":5,"minecraft:cobblestone":66},"minecraft:used":{"minecraft:cooked_mutton":1,"minecraft:stone_sword":28,"minecraft:stone_pickaxe":324,"minecraft:chest":2,"minecraft:wooden_pickaxe":22,"minecraft:torch":13,"minecraft:dirt":5,"minecraft:terracotta":11,"minecraft:mutton":7,"lootbundles:loot_bundle":1,"minecraft:crafting_table":2,"minecraft:white_bed":1,"minecraft:melon_slice":5,"mcwdoors:warped_swamp_door":1,"minecraft:stone_axe":58,"minecraft:cobblestone":3,"minecraft:furnace":2,"minecraft:cooked_beef":5},"minecraft:killed":{"cobblemon:pokemon":3,"minecraft:spider":2,"minecraft:sheep":7,"minecraft:skeleton":4,"minecraft:cow":3},"minecraft:mined":{"minecraft:tuff":1,"minecraft:jungle_leaves":2,"minecraft:crafting_table":1,"minecraft:torch":5,"minecraft:grass_block":13,"minecraft:calcite":12,"minecraft:melon":1,"minecraft:jungle_log":7,"minecraft:copper_ore":1,"minecraft:tall_grass":1,"minecraft:deepslate_coal_ore":2,"cobblemon:oran_berry":2,"minecraft:moss_block":1,"minecraft:wall_torch":4,"minecraft:coarse_dirt":3,"minecraft:iron_ore":57,"minecraft:andesite":28,"minecraft:grass":7,"minecraft:oak_log":14,"minecraft:coal_ore":116,"minecraft:vine":4,"minecraft:dirt":16,"minecraft:stripped_oak_log":2,"minecraft:smooth_basalt":1,"minecraft:terracotta":40,"minecraft:stone":69,"cobblemon:water_stone_ore":1,"minecraft:oak_leaves":3},"minecraft:crafted":{"minecraft:cooked_beef":6,"minecraft:oak_planks":40,"minecraft:crafting_table":1,"minecraft:cooked_chicken":2,"minecraft:wooden_pickaxe":1,"minecraft:iron_sword":2,"minecraft:furnace":2,"minecraft:stone_axe":1,"minecraft:cooked_mutton":1,"minecraft:jungle_planks":24,"minecraft:iron_axe":1,"minecraft:stick":24,"minecraft:iron_ingot":20,"minecraft:iron_pickaxe":2,"minecraft:stone_pickaxe":3,"minecraft:chest":3,"minecraft:stone_sword":1,"minecraft:white_bed":1,"minecraft:torch":12},"minecraft:broken":{"minecraft:stone_pickaxe":1},"minecraft:custom":{"minecraft:interact_with_furnace":15,"minecraft:mob_kills":20,"minecraft:interact_with_crafting_table":10,"minecraft:time_since_death":45815,"minecraft:sleep_in_bed":1,"minecraft:climb_one_cm":3043,"minecraft:time_since_rest":30176,"minecraft:sprint_one_cm":62474,"minecraft:damage_taken":720,"minecraft:walk_one_cm":112967,"minecraft:drop":23,"minecraft:damage_dealt":2559,"minecraft:swim_one_cm":1117,"minecraft:fly_one_cm":73659,"minecraft:open_chest":3,"minecraft:crouch_one_cm":64,"minecraft:play_time":45815,"minecraft:sneak_time":46,"minecraft:walk_under_water_one_cm":2080,"minecraft:jump":727,"minecraft:walk_on_water_one_cm":2580,"minecraft:total_world_time":45815,"minecraft:fall_one_cm":22219},"minecraft:dropped":{"minecraft:gravel":3,"minecraft:iron_sword":1,"minecraft:stone_axe":1,"minecraft:stone_sword":1,"minecraft:tuff":1,"minecraft:cobblestone":16,"mcwdoors:mangrove_four_panel_door":4,"mcwdoors:warped_swamp_door":1,"minecraft:mojang_banner_pattern":1,"minecraft:andesite":11,"mcwwindows:andesite_louvered_shutter":1,"minecraft:arrow":4,"minecraft:stone_pickaxe":4,"minecraft:wooden_pickaxe":1,"minecraft:iron_pickaxe":1,"minecraft:string":4,"minecraft:smooth_basalt":1,"minecraft:bone":4}},"DataVersion":3465}