{"stats":{"minecraft:picked_up":{"minecraft:stripped_oak_log":2,"minecraft:crafting_table":1,"minecraft:coarse_dirt":2,"minecraft:chicken":1,"lootbundles:loot_bundle":1,"minecraft:jungle_log":6,"minecraft:andesite":22,"minecraft:leather":2,"minecraft:wooden_pickaxe":1,"mcwwindows:andesite_louvered_shutter":1,"minecraft:tuff":1,"mcwdoors:mangrove_four_panel_door":4,"minecraft:oak_log":10,"minecraft:string":4,"minecraft:dirt":8,"cobblemon:white_apricorn":4,"minecraft:bone":4,"lootbundles:fragment":3,"cobblemon:white_apricorn_seed":1,"minecraft:beef":6,"minecraft:stone_pickaxe":3,"minecraft:calcite":12,"minecraft:rabbit":1,"minecraft:bamboo":15,"minecraft:melon_slice":5,"minecraft:mojang_banner_pattern":1,"minecraft:raw_iron":20,"minecraft:smooth_basalt":1,"minecraft:torch":9,"minecraft:gravel":3,"mcwdoors:warped_swamp_door":1,"minecraft:stone_sword":1,"minecraft:rotten_flesh":3,"minecraft:arrow":4,"minecraft:stone_axe":1,"minecraft:gray_wool":1,"minecraft:terracotta":11,"minecraft:glow_berries":1,"minecraft:mutton":8,"minecraft:coal":60,"minecraft:white_wool":5,"minecraft:cobblestone":58},"minecraft:used":{"minecraft:stone_sword":20,"minecraft:stone_pickaxe":175,"minecraft:wooden_pickaxe":22,"minecraft:torch":13,"minecraft:dirt":5,"minecraft:terracotta":11,"minecraft:mutton":7,"lootbundles:loot_bundle":1,"minecraft:crafting_table":2,"minecraft:white_bed":1,"minecraft:stone_axe":46,"minecraft:cobblestone":3,"minecraft:furnace":2,"minecraft:cooked_beef":3},"minecraft:killed":{"cobblemon:pokemon":3,"minecraft:spider":1,"minecraft:sheep":7,"minecraft:skeleton":3,"minecraft:cow":3},"minecraft:mined":{"minecraft:tuff":1,"minecraft:jungle_leaves":2,"minecraft:crafting_table":1,"minecraft:torch":5,"minecraft:grass_block":5,"minecraft:calcite":12,"minecraft:melon":1,"minecraft:jungle_log":7,"minecraft:copper_ore":1,"minecraft:tall_grass":1,"minecraft:moss_block":1,"minecraft:wall_torch":4,"minecraft:coarse_dirt":2,"minecraft:iron_ore":21,"minecraft:andesite":23,"minecraft:grass":6,"minecraft:oak_log":14,"minecraft:coal_ore":60,"minecraft:vine":4,"minecraft:dirt":3,"minecraft:stripped_oak_log":2,"minecraft:smooth_basalt":1,"minecraft:terracotta":11,"minecraft:stone":62,"minecraft:oak_leaves":3},"minecraft:crafted":{"minecraft:cooked_beef":3,"minecraft:oak_planks":40,"minecraft:crafting_table":1,"minecraft:wooden_pickaxe":1,"minecraft:iron_sword":2,"minecraft:furnace":2,"minecraft:stone_axe":1,"minecraft:jungle_planks":24,"minecraft:iron_axe":1,"minecraft:stick":24,"minecraft:iron_ingot":20,"minecraft:iron_pickaxe":2,"minecraft:stone_pickaxe":3,"minecraft:stone_sword":1,"minecraft:white_bed":1,"minecraft:torch":12},"minecraft:custom":{"minecraft:interact_with_furnace":11,"minecraft:mob_kills":18,"minecraft:interact_with_crafting_table":8,"minecraft:time_since_death":33815,"minecraft:sleep_in_bed":1,"minecraft:climb_one_cm":248,"minecraft:time_since_rest":18176,"minecraft:sprint_one_cm":42109,"minecraft:damage_taken":460,"minecraft:walk_one_cm":81031,"minecraft:drop":23,"minecraft:damage_dealt":2189,"minecraft:swim_one_cm":1117,"minecraft:fly_one_cm":51872,"minecraft:crouch_one_cm":64,"minecraft:play_time":33815,"minecraft:sneak_time":46,"minecraft:walk_under_water_one_cm":1440,"minecraft:jump":463,"minecraft:walk_on_water_one_cm":855,"minecraft:total_world_time":33815,"minecraft:fall_one_cm":15246},"minecraft:dropped":{"minecraft:gravel":3,"minecraft:iron_sword":1,"minecraft:stone_axe":1,"minecraft:stone_sword":1,"minecraft:tuff":1,"minecraft:cobblestone":16,"mcwdoors:mangrove_four_panel_door":4,"mcwdoors:warped_swamp_door":1,"minecraft:mojang_banner_pattern":1,"minecraft:andesite":11,"mcwwindows:andesite_louvered_shutter":1,"minecraft:arrow":4,"minecraft:stone_pickaxe":4,"minecraft:wooden_pickaxe":1,"minecraft:iron_pickaxe":1,"minecraft:string":4,"minecraft:smooth_basalt":1,"minecraft:bone":4}},"DataVersion":3465}