{"stats":{"minecraft:picked_up":{"minecraft:stripped_oak_log":2,"minecraft:raw_iron":20,"minecraft:crafting_table":1,"minecraft:andesite":22,"minecraft:leather":2,"minecraft:torch":6,"minecraft:oak_log":7,"minecraft:dirt":1,"minecraft:string":2,"cobblemon:white_apricorn":4,"minecraft:bone":2,"minecraft:arrow":4,"lootbundles:fragment":3,"cobblemon:white_apricorn_seed":1,"minecraft:beef":6,"minecraft:calcite":12,"minecraft:terracotta":11,"minecraft:mutton":7,"minecraft:coal":23,"minecraft:white_wool":5,"minecraft:cobblestone":53},"minecraft:used":{"minecraft:stone_sword":18,"minecraft:stone_pickaxe":127,"minecraft:wooden_pickaxe":22,"minecraft:torch":8,"minecraft:stone_axe":19,"minecraft:mutton":7,"minecraft:cobblestone":3,"minecraft:crafting_table":2,"minecraft:furnace":2,"minecraft:white_bed":1,"minecraft:cooked_beef":2},"minecraft:mined":{"minecraft:coarse_dirt":1,"minecraft:iron_ore":21,"minecraft:andesite":23,"minecraft:torch":2,"minecraft:crafting_table":1,"minecraft:calcite":12,"minecraft:grass_block":1,"minecraft:grass":5,"minecraft:coal_ore":23,"minecraft:oak_log":11,"minecraft:dirt":2,"minecraft:stripped_oak_log":2,"minecraft:tall_grass":1,"minecraft:terracotta":11,"minecraft:stone":57,"minecraft:wall_torch":4,"minecraft:oak_leaves":2},"minecraft:killed":{"minecraft:skeleton":3,"minecraft:sheep":6,"cobblemon:pokemon":1,"minecraft:spider":1,"minecraft:cow":3},"minecraft:crafted":{"minecraft:cooked_beef":3,"minecraft:oak_planks":28,"minecraft:crafting_table":1,"minecraft:stick":16,"minecraft:iron_sword":2,"minecraft:iron_pickaxe":2,"minecraft:iron_ingot":20,"minecraft:wooden_pickaxe":1,"minecraft:stone_pickaxe":1,"minecraft:stone_sword":1,"minecraft:furnace":2,"minecraft:white_bed":1,"minecraft:torch":12,"minecraft:stone_axe":1},"minecraft:dropped":{"minecraft:stone_axe":1,"minecraft:iron_sword":1,"minecraft:stone_sword":1,"minecraft:andesite":11,"minecraft:cobblestone":16,"minecraft:stone_pickaxe":1,"minecraft:wooden_pickaxe":1,"minecraft:iron_pickaxe":1},"minecraft:custom":{"minecraft:time_since_rest":6176,"minecraft:interact_with_furnace":11,"minecraft:sprint_one_cm":26260,"minecraft:damage_taken":270,"minecraft:walk_one_cm":49180,"minecraft:mob_kills":14,"minecraft:drop":8,"minecraft:damage_dealt":1640,"minecraft:interact_with_crafting_table":6,"minecraft:fly_one_cm":35155,"minecraft:crouch_one_cm":64,"minecraft:play_time":21815,"minecraft:sneak_time":46,"minecraft:jump":337,"minecraft:time_since_death":21815,"minecraft:sleep_in_bed":1,"minecraft:climb_one_cm":140,"minecraft:total_world_time":21815,"minecraft:fall_one_cm":10021}},"DataVersion":3465}