{"stats":{"minecraft:killed":{"minecraft:pig":2,"cobblemon:pokemon":3,"minecraft:spider":2,"minecraft:sheep":7,"minecraft:skeleton":5,"minecraft:zombie":1,"minecraft:chicken":2,"minecraft:cow":15},"minecraft:mined":{"minecraft:tuff":1,"minecraft:jungle_leaves":3,"minecraft:crafting_table":1,"minecraft:torch":5,"minecraft:calcite":13,"minecraft:grass_block":19,"minecraft:melon":26,"minecraft:jungle_log":7,"minecraft:copper_ore":14,"minecraft:tall_grass":1,"minecraft:deepslate_coal_ore":2,"minecraft:moss_block":1,"cobblemon:oran_berry":2,"minecraft:wall_torch":4,"minecraft:amethyst_block":7,"minecraft:coarse_dirt":3,"minecraft:iron_ore":57,"minecraft:andesite":28,"minecraft:grass":12,"minecraft:coal_ore":116,"minecraft:oak_log":14,"cobblemon:white_mint":3,"minecraft:vine":5,"minecraft:dirt":17,"minecraft:stripped_oak_log":2,"minecraft:smooth_basalt":1,"minecraft:terracotta":55,"minecraft:stone":69,"minecraft:oak_leaves":3,"minecraft:fern":4,"cobblemon:water_stone_ore":1},"minecraft:crafted":{"minecraft:cooked_beef":6,"minecraft:oak_planks":40,"minecraft:crafting_table":1,"minecraft:wooden_pickaxe":1,"minecraft:cooked_chicken":4,"minecraft:iron_sword":2,"minecraft:furnace":2,"minecraft:copper_ingot":20,"cobblemon:premier_ball":8,"minecraft:stone_axe":1,"minecraft:cooked_mutton":1,"minecraft:jungle_planks":24,"minecraft:iron_axe":1,"minecraft:stick":24,"minecraft:iron_ingot":20,"minecraft:iron_pickaxe":2,"minecraft:stone_pickaxe":3,"minecraft:chest":3,"minecraft:stone_sword":1,"minecraft:white_bed":1,"minecraft:torch":12},"minecraft:dropped":{"minecraft:gravel":3,"minecraft:iron_sword":1,"minecraft:stone_axe":1,"minecraft:stone_sword":1,"minecraft:tuff":1,"minecraft:cobblestone":16,"minecraft:rabbit_foot":1,"mcwdoors:mangrove_four_panel_door":4,"mcwdoors:warped_swamp_door":1,"minecraft:mojang_banner_pattern":1,"minecraft:light_blue_wool":1,"minecraft:andesite":11,"mcwwindows:andesite_louvered_shutter":1,"minecraft:arrow":4,"minecraft:stone_pickaxe":4,"minecraft:wooden_pickaxe":1,"minecraft:iron_pickaxe":1,"minecraft:string":4,"minecraft:smooth_basalt":1,"minecraft:bone":4},"minecraft:used":{"minecraft:cooked_mutton":1,"minecraft:stone_sword":58,"minecraft:stone_pickaxe":363,"minecraft:chest":2,"minecraft:wooden_pickaxe":25,"minecraft:cooked_chicken":2,"minecraft:torch":16,"minecraft:terracotta":22,"minecraft:dirt":5,"minecraft:mutton":7,"lootbundles:loot_bundle":1,"minecraft:crafting_table":2,"minecraft:white_bed":1,"minecraft:melon_slice":24,"mcwdoors:warped_swamp_door":1,"minecraft:stone_axe":99,"minecraft:cobblestone":3,"minecraft:furnace":2,"minecraft:cooked_beef":6},"minecraft:broken":{"minecraft:stone_pickaxe":1},"minecraft:custom":{"minecraft:interact_with_furnace":21,"minecraft:mob_kills":38,"minecraft:interact_with_crafting_table":12,"minecraft:leave_game":1,"minecraft:time_since_death":71722,"minecraft:climb_one_cm":4852,"minecraft:sleep_in_bed":1,"minecraft:time_since_rest":56083,"minecraft:sprint_one_cm":106577,"minecraft:damage_taken":1160,"minecraft:walk_one_cm":158181,"minecraft:drop":25,"minecraft:damage_dealt":4528,"minecraft:swim_one_cm":2067,"minecraft:fly_one_cm":176011,"minecraft:open_chest":9,"minecraft:crouch_one_cm":64,"minecraft:play_time":71722,"minecraft:sneak_time":295,"minecraft:walk_under_water_one_cm":10386,"minecraft:jump":1344,"minecraft:walk_on_water_one_cm":8455,"minecraft:total_world_time":71722,"minecraft:fall_one_cm":44686},"minecraft:picked_up":{"minecraft:stripped_oak_log":2,"minecraft:coarse_dirt":3,"minecraft:crafting_table":1,"minecraft:air":0,"minecraft:feather":3,"minecraft:chicken":4,"lootbundles:loot_bundle":1,"minecraft:andesite":27,"minecraft:jungle_log":6,"minecraft:leather":12,"minecraft:wooden_pickaxe":1,"minecraft:tuff":1,"mcwdoors:mangrove_four_panel_door":4,"minecraft:oak_log":10,"mcwwindows:andesite_louvered_shutter":1,"minecraft:amethyst_block":7,"minecraft:string":4,"minecraft:dirt":35,"minecraft:raw_copper":49,"cobblemon:white_mint_leaf":2,"cobblemon:white_apricorn":4,"minecraft:bone":5,"lootbundles:fragment":3,"minecraft:wheat_seeds":1,"cobblemon:white_apricorn_seed":1,"minecraft:beef":29,"minecraft:stone_pickaxe":3,"cobblemon:oran_berry":9,"minecraft:calcite":12,"minecraft:rabbit":3,"minecraft:bamboo":57,"minecraft:melon_slice":121,"minecraft:stick":1,"minecraft:raw_iron":56,"minecraft:mojang_banner_pattern":1,"minecraft:smooth_basalt":2,"minecraft:torch":10,"minecraft:gravel":3,"minecraft:porkchop":5,"cobblemon:white_mint_seeds":3,"minecraft:rabbit_foot":1,"mcwdoors:warped_swamp_door":1,"minecraft:stone_sword":1,"minecraft:arrow":5,"minecraft:rotten_flesh":3,"minecraft:light_blue_wool":1,"minecraft:stone_axe":1,"minecraft:gray_wool":1,"minecraft:terracotta":54,"cobblemon:water_stone":1,"minecraft:glow_berries":1,"minecraft:mutton":8,"cobblemon:blue_apricorn":3,"minecraft:coal":118,"minecraft:white_wool":5,"minecraft:cobblestone":66}},"DataVersion":3465}