{"stats":{"minecraft:picked_up":{"minecraft:stripped_oak_log":2,"minecraft:crafting_table":1,"minecraft:leather":2,"minecraft:beef":6,"minecraft:oak_log":7,"minecraft:mutton":7,"minecraft:white_wool":5,"minecraft:coal":10,"minecraft:cobblestone":11},"minecraft:used":{"minecraft:stone_axe":16,"minecraft:crafting_table":1,"minecraft:wooden_pickaxe":22},"minecraft:killed":{"minecraft:sheep":6,"cobblemon:pokemon":1,"minecraft:cow":3},"minecraft:mined":{"minecraft:grass":2,"minecraft:oak_log":11,"minecraft:coal_ore":10,"minecraft:stripped_oak_log":2,"minecraft:stone":11,"minecraft:crafting_table":1},"minecraft:crafted":{"minecraft:stone_sword":1,"minecraft:oak_planks":28,"minecraft:stone_axe":1,"minecraft:crafting_table":1,"minecraft:stick":16,"minecraft:wooden_pickaxe":1,"minecraft:stone_pickaxe":1},"minecraft:custom":{"minecraft:time_since_rest":9815,"minecraft:play_time":9815,"minecraft:sprint_one_cm":14495,"minecraft:damage_taken":50,"minecraft:walk_one_cm":21765,"minecraft:sneak_time":10,"minecraft:mob_kills":10,"minecraft:jump":155,"minecraft:damage_dealt":880,"minecraft:time_since_death":9815,"minecraft:total_world_time":9815,"minecraft:interact_with_crafting_table":2,"minecraft:fall_one_cm":4822,"minecraft:fly_one_cm":18831}},"DataVersion":3465}