{
  "uuid": "9f4b2ed9-0a12-4687-aeea-d5fff2892cf3",
  "starterPrompted": true,
  "starterLocked": false,
  "starterSelected": true,
  "starterUUID": "8c324027-62fb-4b24-93a3-6ed507d1656d",
  "keyItems": [],
  "battleTheme": "cobblemon:battle.pvp.default",
  "extraData": {},
  "advancementData": {
    "totalCaptureCount": 1,
    "totalEggsHatched": 0,
    "totalEvolvedCount": 0,
    "totalBattleVictoryCount": 6,
    "totalPvPBattleVictoryCount": 0,
    "totalPvWBattleVictoryCount": 6,
    "totalPvNBattleVictoryCount": 0,
    "totalShinyCaptureCount": 0,
    "totalTradedCount": 0,
    "totalTypeCaptureCounts": {
      "ground": 1
    },
    "totalDefeatedCounts": {
      "cobblemon:oddish": 1,
      "cobblemon:diglett": 1,
      "cobblemon:rattata": 1,
      "cobblemon:buneary": 1,
      "cobblemon:spearow": 1
    },
    "aspectsCollected": {}
  }
}