{
  "uuid": "9f4b2ed9-0a12-4687-aeea-d5fff2892cf3",
  "starterPrompted": true,
  "starterLocked": false,
  "starterSelected": true,
  "starterUUID": "5db65974-08f3-481c-bfdc-3331414aabca",
  "keyItems": [],
  "battleTheme": "cobblemon:battle.pvp.default",
  "extraData": {},
  "advancementData": {
    "totalCaptureCount": 0,
    "totalEggsHatched": 0,
    "totalEvolvedCount": 0,
    "totalBattleVictoryCount": 7,
    "totalPvPBattleVictoryCount": 0,
    "totalPvWBattleVictoryCount": 7,
    "totalPvNBattleVictoryCount": 0,
    "totalShinyCaptureCount": 0,
    "totalTradedCount": 0,
    "totalTypeCaptureCounts": {},
    "totalDefeatedCounts": {
      "cobblemon:pidgey": 1,
      "cobblemon:sentret": 1,
      "cobblemon:lechonk": 1,
      "cobblemon:metapod": 1,
      "cobblemon:taillow": 1,
      "cobblemon:buneary": 1,
      "cobblemon:gastly": 1
    },
    "aspectsCollected": {}
  }
}